timestamp,time_seq,voltage,current
2025-07-18T17:04:36.093694,2,200.0,2.0
2025-07-18T17:04:36.093763,3,200.0,2.0
2025-07-18T17:04:36.193257,3,200.0,2.0
2025-07-18T17:04:36.193379,4,200.0,2.0
2025-07-18T17:04:36.193418,5,200.0,2.0
2025-07-18T17:04:36.583297,5,200.0,2.0
2025-07-18T17:04:36.583419,6,200.0,2.0
2025-07-18T17:04:36.648327,6,200.0,2.0
2025-07-18T17:04:36.748237,7,200.0,2.0
2025-07-18T17:04:36.748496,8,200.0,2.0
2025-07-18T17:04:36.848462,8,200.0,2.0
2025-07-18T17:04:37.071518,9,200.0,2.0
2025-07-18T17:04:37.071674,10,200.0,2.0
2025-07-18T17:04:37.151362,10,200.0,2.0
2025-07-18T17:04:37.226428,11,200.0,2.0
2025-07-18T17:04:37.226543,12,200.0,2.0
2025-07-18T17:04:37.399388,12,200.0,2.0
2025-07-18T17:04:37.476538,13,200.0,2.0
2025-07-18T17:04:37.559511,14,200.0,2.0
2025-07-18T17:04:37.559662,15,200.0,2.0
2025-07-18T17:04:37.641653,15,200.0,2.0
2025-07-18T17:04:37.708255,15,200.0,2.0
2025-07-18T17:04:37.773323,16,200.0,2.0
2025-07-18T17:04:37.879155,17,200.0,2.0
2025-07-18T17:04:37.879279,18,200.0,2.0
2025-07-18T17:04:37.951208,18,200.0,2.0
2025-07-18T17:04:38.026386,18,200.0,2.0
2025-07-18T17:04:38.091194,19,200.0,2.0
2025-07-18T17:04:38.181108,20,200.0,2.0
2025-07-18T17:04:38.181241,21,200.0,2.0
2025-07-18T17:04:38.246221,21,200.0,2.0
2025-07-18T17:04:38.333231,22,200.0,2.0
2025-07-18T17:04:38.333479,23,200.0,2.0
2025-07-18T17:04:38.433295,23,200.0,2.0
2025-07-18T17:04:38.508362,23,200.0,2.0
2025-07-18T17:04:38.573393,24,200.0,2.0
2025-07-18T17:04:38.646412,25,200.0,2.0
2025-07-18T17:04:38.646524,26,200.0,2.0
2025-07-18T17:04:38.812051,26,200.0,2.0
2025-07-18T17:04:38.878249,27,200.0,2.0
2025-07-18T17:04:38.878387,28,200.0,2.0
2025-07-18T17:04:39.026286,29,200.0,2.0
2025-07-18T17:04:39.026401,30,200.0,2.0
2025-07-18T17:04:39.194663,30,200.0,2.0
2025-07-18T17:04:39.271409,31,200.0,2.0
2025-07-18T17:04:39.386118,32,200.0,2.0
2025-07-18T17:04:39.386257,33,200.0,2.0
2025-07-18T17:04:39.510973,33,200.0,2.0
2025-07-18T17:04:39.596404,34,200.0,2.0
2025-07-18T17:04:39.596518,35,200.0,2.0
2025-07-18T17:04:39.676421,35,200.0,2.0
2025-07-18T17:04:39.741555,36,200.0,2.0
2025-07-18T17:04:39.741705,37,200.0,2.0
2025-07-18T17:04:39.931249,37,200.0,2.0
2025-07-18T17:04:40.111463,38,200.0,2.0
2025-07-18T17:04:40.181493,39,200.0,2.0
2025-07-18T17:04:40.276279,40,200.0,2.0
2025-07-18T17:04:40.276423,41,200.0,2.0
2025-07-18T17:04:40.341373,41,200.0,2.0
2025-07-18T17:04:40.426280,41,200.0,2.0
2025-07-18T17:04:40.511261,42,200.0,2.0
2025-07-18T17:04:40.591344,43,200.0,2.0
2025-07-18T17:04:40.591472,44,200.0,2.0
2025-07-18T17:04:40.831546,45,200.0,2.0
2025-07-18T17:04:40.831713,46,200.0,2.0
2025-07-18T17:04:41.006278,46,200.0,2.0
2025-07-18T17:04:41.169324,48,200.0,2.0
2025-07-18T17:04:41.169437,49,200.0,2.0
2025-07-18T17:04:41.306412,49,200.0,2.0
2025-07-18T17:04:41.366132,50,200.0,2.0
2025-07-18T17:04:41.906310,51,200.0,2.0
2025-07-18T17:04:41.906434,52,200.0,2.0
2025-07-18T17:04:42.143172,53,200.0,2.0
2025-07-18T17:04:42.143287,54,200.0,2.0
2025-07-18T17:04:42.333168,54,200.0,2.0
2025-07-18T17:04:42.528325,55,200.0,2.0
2025-07-18T17:04:42.708366,56,200.0,2.0
2025-07-18T17:04:42.856274,58,200.0,2.0
2025-07-18T17:04:42.856393,59,200.0,2.0
2025-07-18T17:04:43.006893,59,200.0,2.0
2025-07-18T17:04:43.066500,60,200.0,2.0
2025-07-18T17:04:43.066644,61,200.0,2.0
2025-07-18T17:04:43.131505,61,200.0,2.0
2025-07-18T17:04:43.231334,61,200.0,2.0
2025-07-18T17:04:43.311520,62,200.0,2.0
2025-07-18T17:04:43.391193,63,200.0,2.0
2025-07-18T17:04:43.391352,64,200.0,2.0
2025-07-18T17:04:43.626327,64,200.0,2.0
2025-07-18T17:04:43.681018,65,200.0,2.0
2025-07-18T17:04:43.681164,66,200.0,2.0
2025-07-18T17:04:43.746098,66,200.0,2.0
2025-07-18T17:04:43.831275,67,200.0,2.0
2025-07-18T17:04:43.831416,68,200.0,2.0
2025-07-18T17:04:44.011316,68,200.0,2.0
2025-07-18T17:04:44.081334,69,200.0,2.0
2025-07-18T17:04:44.169405,70,200.0,2.0
2025-07-18T17:04:44.169549,71,200.0,2.0
2025-07-18T17:04:44.231380,71,200.0,2.0
2025-07-18T17:04:44.319197,71,200.0,2.0
2025-07-18T17:04:44.606288,72,200.0,2.0
2025-07-18T17:04:44.676279,73,200.0,2.0
2025-07-18T17:04:44.776267,74,200.0,2.0
2025-07-18T17:04:44.776391,75,200.0,2.0
2025-07-18T17:04:44.851410,75,200.0,2.0
2025-07-18T17:04:44.924142,76,200.0,2.0
2025-07-18T17:04:44.924245,77,200.0,2.0
2025-07-18T17:04:45.103249,77,200.0,2.0
2025-07-18T17:04:45.178679,78,200.0,2.0
2025-07-18T17:04:45.253225,79,200.0,2.0
2025-07-18T17:04:45.253348,80,200.0,2.0
2025-07-18T17:04:45.339014,80,200.0,2.0
2025-07-18T17:04:45.400994,80,200.0,2.0
2025-07-18T17:04:45.471203,81,200.0,2.0
2025-07-18T17:04:45.546259,82,200.0,2.0
2025-07-18T17:04:45.546369,83,200.0,2.0
2025-07-18T17:04:45.671075,83,200.0,2.0
2025-07-18T17:04:45.766168,84,200.0,2.0
2025-07-18T17:04:45.766290,85,200.0,2.0
2025-07-18T17:04:45.961362,86,200.0,2.0
2025-07-18T17:04:45.961473,87,200.0,2.0
2025-07-18T17:04:46.046381,87,200.0,2.0
2025-07-18T17:04:46.126475,88,200.0,2.0
2025-07-18T17:04:46.126616,89,200.0,2.0
2025-07-18T17:04:46.284339,89,200.0,2.0
2025-07-18T17:04:46.351305,90,200.0,2.0
2025-07-18T17:04:46.426363,90,200.0,2.0
2025-07-18T17:04:46.526522,91,200.0,2.0
2025-07-18T17:04:46.651179,92,200.0,2.0
2025-07-18T17:04:46.651303,93,200.0,2.0
2025-07-18T17:04:46.726309,93,200.0,2.0
2025-07-18T17:04:46.831249,94,200.0,2.0
2025-07-18T17:04:46.831366,95,200.0,2.0
2025-07-18T17:04:46.999279,95,200.0,2.0
2025-07-18T17:04:47.076622,96,200.0,2.0
2025-07-18T17:04:47.151321,97,200.0,2.0
2025-07-18T17:04:47.151429,98,200.0,2.0
2025-07-18T17:04:47.231404,98,200.0,2.0
2025-07-18T17:04:47.306402,98,200.0,2.0
2025-07-18T17:04:47.371583,99,200.0,2.0
2025-07-18T17:04:47.526683,100,200.0,2.0
2025-07-18T17:04:47.526799,101,200.0,2.0
2025-07-18T17:04:47.606277,100,200.0,2.0
2025-07-18T17:04:47.606399,101,200.0,2.0
2025-07-18T17:04:47.671644,101,200.0,2.0
2025-07-18T17:04:47.764184,102,200.0,2.0
2025-07-18T17:04:47.764456,103,200.0,2.0
2025-07-18T17:04:47.836181,103,200.0,2.0
2025-07-18T17:04:47.919130,103,200.0,2.0
2025-07-18T17:04:48.076260,105,200.0,2.0
2025-07-18T17:04:48.076374,106,200.0,2.0
2025-07-18T17:04:48.141284,106,200.0,2.0
2025-07-18T17:04:48.231258,106,200.0,2.0
2025-07-18T17:04:48.326681,107,200.0,2.0
2025-07-18T17:04:48.404272,107,200.0,2.0
2025-07-18T17:04:48.466037,108,200.0,2.0
2025-07-18T17:04:48.539289,109,200.0,2.0
2025-07-18T17:04:48.539417,110,200.0,2.0
2025-07-18T17:04:48.631300,110,200.0,2.0
2025-07-18T17:04:48.699248,110,200.0,2.0
2025-07-18T17:04:48.766310,111,200.0,2.0
2025-07-18T17:04:48.843250,112,200.0,2.0
2025-07-18T17:04:48.843387,113,200.0,2.0
2025-07-18T17:04:49.037975,113,200.0,2.0
2025-07-18T17:04:49.118204,113,200.0,2.0
2025-07-18T17:04:49.443231,115,200.0,2.0
2025-07-18T17:04:49.443359,116,200.0,2.0
2025-07-18T17:04:49.798312,116,200.0,2.0
2025-07-18T17:04:49.848062,117,200.0,2.0
2025-07-18T17:04:49.848174,118,200.0,2.0
2025-07-18T17:04:50.011191,118,200.0,2.0
2025-07-18T17:04:50.071390,119,200.0,2.0
2025-07-18T17:04:50.170337,120,200.0,2.0
2025-07-18T17:04:50.170455,121,200.0,2.0
2025-07-18T17:04:50.231314,121,200.0,2.0
2025-07-18T17:04:50.326174,122,200.0,2.0
2025-07-18T17:04:50.326295,123,200.0,2.0
2025-07-18T17:04:50.506202,123,200.0,2.0
2025-07-18T17:04:50.586375,124,200.0,2.0
2025-07-18T17:04:50.639213,125,200.0,2.0
2025-07-18T17:04:50.639332,126,200.0,2.0
2025-07-18T17:04:50.726243,126,200.0,2.0
2025-07-18T17:04:50.799231,126,200.0,2.0
2025-07-18T17:04:50.861400,127,200.0,2.0
2025-07-18T17:04:50.936157,128,200.0,2.0
2025-07-18T17:04:50.936315,129,200.0,2.0
2025-07-18T17:04:51.106179,129,200.0,2.0
2025-07-18T17:04:51.151146,130,200.0,2.0
2025-07-18T17:04:51.151258,131,200.0,2.0
2025-07-18T17:04:51.336469,131,200.0,2.0
2025-07-18T17:04:51.506418,132,200.0,2.0
2025-07-18T17:04:51.571575,133,200.0,2.0
2025-07-18T17:04:51.679383,134,200.0,2.0
2025-07-18T17:04:51.679510,135,200.0,2.0
2025-07-18T17:04:51.751291,135,200.0,2.0
2025-07-18T17:04:51.838065,136,200.0,2.0
2025-07-18T17:04:51.838194,137,200.0,2.0
2025-07-18T17:04:51.933989,137,200.0,2.0
2025-07-18T17:04:52.006173,137,200.0,2.0
2025-07-18T17:04:52.316390,138,200.0,2.0
2025-07-18T17:04:52.441114,139,200.0,2.0
2025-07-18T17:04:52.441246,140,200.0,2.0
2025-07-18T17:04:52.536173,140,200.0,2.0
2025-07-18T17:04:52.608370,140,200.0,2.0
2025-07-18T17:04:52.683322,141,200.0,2.0
2025-07-18T17:04:52.746091,142,200.0,2.0
2025-07-18T17:04:52.746202,143,200.0,2.0
2025-07-18T17:04:52.831048,143,200.0,2.0
2025-07-18T17:04:52.911451,143,200.0,2.0
2025-07-18T17:04:53.021269,144,200.0,2.0
2025-07-18T17:04:53.351009,145,200.0,2.0
2025-07-18T17:04:53.351129,146,200.0,2.0
2025-07-18T17:04:53.426150,146,200.0,2.0
2025-07-18T17:04:53.504205,146,200.0,2.0
2025-07-18T17:04:53.566080,147,200.0,2.0
2025-07-18T17:04:53.653033,148,200.0,2.0
2025-07-18T17:04:53.653164,149,200.0,2.0
2025-07-18T17:04:53.822930,149,200.0,2.0
2025-07-18T17:04:53.903044,150,200.0,2.0
2025-07-18T17:04:53.978155,151,200.0,2.0
2025-07-18T17:04:53.978273,152,200.0,2.0
2025-07-18T17:04:54.183330,152,200.0,2.0
2025-07-18T17:04:54.233232,153,200.0,2.0
2025-07-18T17:04:54.233345,154,200.0,2.0
2025-07-18T17:04:54.411451,154,200.0,2.0
2025-07-18T17:04:54.471663,155,200.0,2.0
2025-07-18T17:04:54.564495,156,200.0,2.0
2025-07-18T17:04:54.564623,157,200.0,2.0
2025-07-18T17:04:54.706652,157,200.0,2.0
2025-07-18T17:04:54.766463,158,200.0,2.0
2025-07-18T17:04:54.766599,159,200.0,2.0
2025-07-18T17:04:54.838324,159,200.0,2.0
2025-07-18T17:04:54.931354,160,200.0,2.0
2025-07-18T17:04:54.931466,161,200.0,2.0
2025-07-18T17:04:55.191265,161,200.0,2.0
2025-07-18T17:04:55.281452,162,200.0,2.0
2025-07-18T17:04:55.359421,163,200.0,2.0
2025-07-18T17:04:55.359536,164,200.0,2.0
2025-07-18T17:04:55.426455,164,200.0,2.0
2025-07-18T17:04:55.551275,165,200.0,2.0
2025-07-18T17:04:55.551386,166,200.0,2.0
2025-07-18T17:04:55.707650,166,200.0,2.0
2025-07-18T17:04:55.771474,167,200.0,2.0
2025-07-18T17:04:55.888334,168,200.0,2.0
2025-07-18T17:04:55.888638,169,200.0,2.0
2025-07-18T17:04:55.963173,169,200.0,2.0
2025-07-18T17:04:56.023245,169,200.0,2.0
2025-07-18T17:04:56.138093,170,200.0,2.0
2025-07-18T17:04:56.219167,170,200.0,2.0
2025-07-18T17:04:56.288189,171,200.0,2.0
2025-07-18T17:04:56.363172,172,200.0,2.0
2025-07-18T17:04:56.363290,173,200.0,2.0
2025-07-18T17:04:56.518203,173,200.0,2.0
2025-07-18T17:04:56.591495,174,200.0,2.0
2025-07-18T17:04:56.591651,175,200.0,2.0
2025-07-18T17:04:56.666427,175,200.0,2.0
2025-07-18T17:04:56.741011,176,200.0,2.0
2025-07-18T17:04:56.741128,177,200.0,2.0
2025-07-18T17:04:56.906398,177,200.0,2.0
2025-07-18T17:04:56.971263,178,200.0,2.0
2025-07-18T17:04:57.073117,179,200.0,2.0
2025-07-18T17:04:57.073258,180,200.0,2.0
2025-07-18T17:04:57.153285,180,200.0,2.0
2025-07-18T17:04:57.228508,181,200.0,2.0
2025-07-18T17:04:57.228796,182,200.0,2.0
2025-07-18T17:04:57.401304,182,200.0,2.0
2025-07-18T17:04:57.473324,183,200.0,2.0
2025-07-18T17:04:57.558092,184,200.0,2.0
2025-07-18T17:04:57.558209,185,200.0,2.0
2025-07-18T17:04:57.633402,185,200.0,2.0
2025-07-18T17:04:57.711067,185,200.0,2.0
2025-07-18T17:04:57.791209,186,200.0,2.0
2025-07-18T17:04:57.849235,187,200.0,2.0
2025-07-18T17:04:57.849371,188,200.0,2.0
2025-07-18T17:04:58.042220,188,200.0,2.0
2025-07-18T17:04:58.140882,189,200.0,2.0
2025-07-18T17:04:58.140996,190,200.0,2.0
2025-07-18T17:04:58.226111,190,200.0,2.0
2025-07-18T17:04:58.306353,190,200.0,2.0
2025-07-18T17:04:58.371117,191,200.0,2.0
2025-07-18T17:04:58.451204,192,200.0,2.0
2025-07-18T17:04:58.451344,193,200.0,2.0
2025-07-18T17:04:58.526290,193,200.0,2.0
2025-07-18T17:04:58.611241,193,200.0,2.0
2025-07-18T17:04:58.666468,194,200.0,2.0
2025-07-18T17:04:58.756227,195,200.0,2.0
2025-07-18T17:04:58.756513,196,200.0,2.0
2025-07-18T17:04:58.836491,196,200.0,2.0
2025-07-18T17:04:58.931443,196,200.0,2.0
2025-07-18T17:04:59.011361,197,200.0,2.0
2025-07-18T17:04:59.091042,198,200.0,2.0
2025-07-18T17:04:59.091160,199,200.0,2.0
2025-07-18T17:04:59.156046,199,200.0,2.0
2025-07-18T17:04:59.241496,200,200.0,2.0
2025-07-18T17:04:59.241625,201,200.0,2.0
2025-07-18T17:04:59.426299,201,200.0,2.0
2025-07-18T17:04:59.589170,202,200.0,2.0
2025-07-18T17:04:59.656234,203,200.0,2.0
2025-07-18T17:05:00.206177,204,200.0,2.0
2025-07-18T17:05:00.206292,205,200.0,2.0
2025-07-18T17:05:00.406376,205,200.0,2.0
2025-07-18T17:05:00.481299,206,200.0,2.0
2025-07-18T17:05:00.481443,207,200.0,2.0
2025-07-18T17:05:00.546390,207,200.0,2.0
2025-07-18T17:05:00.631170,208,200.0,2.0
2025-07-18T17:05:00.631297,209,200.0,2.0
2025-07-18T17:05:00.796230,209,200.0,2.0
2025-07-18T17:05:00.856771,210,200.0,2.0
2025-07-18T17:05:00.943469,211,200.0,2.0
2025-07-18T17:05:00.943616,212,200.0,2.0
2025-07-18T17:05:01.034136,212,200.0,2.0
2025-07-18T17:05:01.128201,213,200.0,2.0
2025-07-18T17:05:01.128322,214,200.0,2.0
2025-07-18T17:05:01.303217,214,200.0,2.0
2025-07-18T17:05:01.373223,215,200.0,2.0
2025-07-18T17:05:01.463002,216,200.0,2.0
2025-07-18T17:05:01.463116,217,200.0,2.0
2025-07-18T17:05:01.653908,217,200.0,2.0
2025-07-18T17:05:01.706248,217,200.0,2.0
2025-07-18T17:05:01.771307,218,200.0,2.0
2025-07-18T17:05:01.871212,219,200.0,2.0
2025-07-18T17:05:01.871351,220,200.0,2.0
2025-07-18T17:05:01.941177,220,200.0,2.0
2025-07-18T17:05:02.009042,220,200.0,2.0
2025-07-18T17:05:02.086011,221,200.0,2.0
2025-07-18T17:05:02.181010,222,200.0,2.0
2025-07-18T17:05:02.181173,223,200.0,2.0
2025-07-18T17:05:02.353535,224,200.0,2.0
2025-07-18T17:05:02.353696,225,200.0,2.0
2025-07-18T17:05:02.452975,225,200.0,2.0
2025-07-18T17:05:02.548233,226,200.0,2.0
2025-07-18T17:05:02.548365,227,200.0,2.0
2025-07-18T17:05:02.746465,227,200.0,2.0
2025-07-18T17:05:02.920929,228,200.0,2.0
2025-07-18T17:05:03.071083,229,200.0,2.0
2025-07-18T17:05:03.141304,230,200.0,2.0
2025-07-18T17:05:03.141451,231,200.0,2.0
2025-07-18T17:05:03.396190,231,200.0,2.0
2025-07-18T17:05:03.461202,232,200.0,2.0
2025-07-18T17:05:03.461312,233,200.0,2.0
2025-07-18T17:05:03.546213,233,200.0,2.0
2025-07-18T17:05:03.681303,234,200.0,2.0
2025-07-18T17:05:03.681418,235,200.0,2.0
2025-07-18T17:05:03.781539,235,200.0,2.0
2025-07-18T17:05:03.853431,236,200.0,2.0
2025-07-18T17:05:03.853555,237,200.0,2.0
2025-07-18T17:05:04.051283,238,200.0,2.0
2025-07-18T17:05:04.051410,239,200.0,2.0
2025-07-18T17:05:04.233018,239,200.0,2.0
2025-07-18T17:05:04.406118,240,200.0,2.0
2025-07-18T17:05:04.488289,241,200.0,2.0
2025-07-18T17:05:04.606144,242,200.0,2.0
2025-07-18T17:05:04.606265,243,200.0,2.0
2025-07-18T17:05:04.666346,243,200.0,2.0
2025-07-18T17:05:04.751280,244,200.0,2.0
2025-07-18T17:05:04.751420,245,200.0,2.0
2025-07-18T17:05:04.936496,245,200.0,2.0
2025-07-18T17:05:05.011243,246,200.0,2.0
2025-07-18T17:05:05.011367,247,200.0,2.0
2025-07-18T17:05:05.081213,247,200.0,2.0
2025-07-18T17:05:05.171233,248,200.0,2.0
2025-07-18T17:05:05.171351,249,200.0,2.0
2025-07-18T17:05:05.241550,249,200.0,2.0
2025-07-18T17:05:05.319554,249,200.0,2.0
2025-07-18T17:05:05.391344,250,200.0,2.0
2025-07-18T17:05:05.476310,251,200.0,2.0
2025-07-18T17:05:05.476425,252,200.0,2.0
2025-07-18T17:05:05.541340,252,200.0,2.0
2025-07-18T17:05:05.626319,252,200.0,2.0
2025-07-18T17:05:05.731363,253,200.0,2.0
2025-07-18T17:05:05.806134,253,200.0,2.0
2025-07-18T17:05:05.876177,254,200.0,2.0
2025-07-18T17:05:05.966285,255,200.0,2.0
2025-07-18T17:05:05.966395,256,200.0,2.0
2025-07-18T17:05:06.031659,256,200.0,2.0
2025-07-18T17:05:06.126084,256,200.0,2.0
2025-07-18T17:05:06.196370,257,200.0,2.0
2025-07-18T17:05:06.326120,258,200.0,2.0
2025-07-18T17:05:06.326236,259,200.0,2.0
2025-07-18T17:05:06.391374,259,200.0,2.0
2025-07-18T17:05:06.478065,260,200.0,2.0
2025-07-18T17:05:06.478225,261,200.0,2.0
2025-07-18T17:05:06.548122,261,200.0,2.0
2025-07-18T17:05:06.624690,261,200.0,2.0
2025-07-18T17:05:06.696448,262,200.0,2.0
2025-07-18T17:05:06.774432,263,200.0,2.0
2025-07-18T17:05:06.774552,264,200.0,2.0
2025-07-18T17:05:06.856395,264,200.0,2.0
2025-07-18T17:05:06.931277,264,200.0,2.0
2025-07-18T17:05:06.996335,265,200.0,2.0
2025-07-18T17:05:07.081643,266,200.0,2.0
2025-07-18T17:05:07.081764,267,200.0,2.0
2025-07-18T17:05:07.151424,267,200.0,2.0
2025-07-18T17:05:07.229655,268,200.0,2.0
2025-07-18T17:05:07.229951,269,200.0,2.0
2025-07-18T17:05:07.398322,269,200.0,2.0
2025-07-18T17:05:07.568310,270,200.0,2.0
2025-07-18T17:05:07.663490,271,200.0,2.0
2025-07-18T17:05:07.663618,272,200.0,2.0
2025-07-18T17:05:07.774026,272,200.0,2.0
2025-07-18T17:05:07.873031,273,200.0,2.0
2025-07-18T17:05:07.873184,274,200.0,2.0
2025-07-18T17:05:07.948090,274,200.0,2.0
2025-07-18T17:05:08.010972,274,200.0,2.0
2025-07-18T17:05:08.071011,275,200.0,2.0
2025-07-18T17:05:08.180909,276,200.0,2.0
2025-07-18T17:05:08.181038,277,200.0,2.0
2025-07-18T17:05:08.241425,277,200.0,2.0
2025-07-18T17:05:08.348184,278,200.0,2.0
2025-07-18T17:05:08.348297,279,200.0,2.0
2025-07-18T17:05:08.523184,279,200.0,2.0
2025-07-18T17:05:08.581176,280,200.0,2.0
2025-07-18T17:05:08.581287,281,200.0,2.0
2025-07-18T17:05:08.791361,282,200.0,2.0
2025-07-18T17:05:08.791481,283,200.0,2.0
2025-07-18T17:05:08.941210,284,200.0,2.0
2025-07-18T17:05:08.941322,285,200.0,2.0
2025-07-18T17:05:09.026327,285,200.0,2.0
2025-07-18T17:05:09.099645,285,200.0,2.0
2025-07-18T17:05:09.257201,287,200.0,2.0
2025-07-18T17:05:09.257422,288,200.0,2.0
2025-07-18T17:05:09.416781,288,200.0,2.0
2025-07-18T17:05:09.501908,289,200.0,2.0
2025-07-18T17:05:09.502023,290,200.0,2.0
2025-07-18T17:05:09.571442,290,200.0,2.0
2025-07-18T17:05:09.691414,291,200.0,2.0
2025-07-18T17:05:09.691537,292,200.0,2.0
2025-07-18T17:05:09.756505,292,200.0,2.0
2025-07-18T17:05:09.839557,293,200.0,2.0
2025-07-18T17:05:09.839729,294,200.0,2.0
2025-07-18T17:05:10.042517,294,200.0,2.0
2025-07-18T17:05:10.101002,295,200.0,2.0
2025-07-18T17:05:10.101118,296,200.0,2.0
2025-07-18T17:05:10.171011,296,200.0,2.0
2025-07-18T17:05:10.276368,297,200.0,2.0
2025-07-18T17:05:10.276490,298,200.0,2.0
2025-07-18T17:05:10.427731,298,200.0,2.0
2025-07-18T17:05:10.541429,299,200.0,2.0
2025-07-18T17:05:10.611438,299,200.0,2.0
2025-07-18T17:05:10.676213,300,200.0,2.0
2025-07-18T17:05:10.763410,301,200.0,2.0
2025-07-18T17:05:10.763545,302,200.0,2.0
2025-07-18T17:05:10.833436,302,200.0,2.0
2025-07-18T17:05:10.913473,302,200.0,2.0
2025-07-18T17:05:10.993449,303,200.0,2.0
2025-07-18T17:05:11.073386,304,200.0,2.0
2025-07-18T17:05:11.073526,305,200.0,2.0
2025-07-18T17:05:11.148384,305,200.0,2.0
2025-07-18T17:05:11.223498,305,200.0,2.0
2025-07-18T17:05:11.313393,306,200.0,2.0
2025-07-18T17:05:11.366937,307,200.0,2.0
2025-07-18T17:05:11.367048,308,200.0,2.0
2025-07-18T17:05:11.431504,308,200.0,2.0
2025-07-18T17:05:11.511465,308,200.0,2.0
2025-07-18T17:05:11.577400,309,200.0,2.0
2025-07-18T17:05:11.656335,310,200.0,2.0
2025-07-18T17:05:11.656459,311,200.0,2.0
2025-07-18T17:05:11.731147,311,200.0,2.0
2025-07-18T17:05:11.801659,311,200.0,2.0
2025-07-18T17:05:11.871282,312,200.0,2.0
2025-07-18T17:05:11.948388,313,200.0,2.0
2025-07-18T17:05:11.948510,314,200.0,2.0
2025-07-18T17:05:12.093290,314,200.0,2.0
2025-07-18T17:05:12.168144,315,200.0,2.0
2025-07-18T17:05:12.168298,316,200.0,2.0
2025-07-18T17:05:12.228139,316,200.0,2.0
2025-07-18T17:05:12.328537,317,200.0,2.0
2025-07-18T17:05:12.328718,318,200.0,2.0
2025-07-18T17:05:12.476262,318,200.0,2.0
2025-07-18T17:05:12.546199,319,200.0,2.0
2025-07-18T17:05:12.723247,320,200.0,2.0
2025-07-18T17:05:12.723366,321,200.0,2.0
2025-07-18T17:05:12.912970,321,200.0,2.0
2025-07-18T17:05:12.988189,322,200.0,2.0
2025-07-18T17:05:12.988313,323,200.0,2.0
2025-07-18T17:05:13.053282,323,200.0,2.0
2025-07-18T17:05:13.153066,324,200.0,2.0
2025-07-18T17:05:13.153207,325,200.0,2.0
2025-07-18T17:05:13.433265,325,200.0,2.0
2025-07-18T17:05:13.533180,326,200.0,2.0
2025-07-18T17:05:13.533296,327,200.0,2.0
2025-07-18T17:05:13.706671,327,200.0,2.0
2025-07-18T17:05:13.766394,328,200.0,2.0
2025-07-18T17:05:13.891230,329,200.0,2.0
2025-07-18T17:05:13.891345,330,200.0,2.0
2025-07-18T17:05:13.961254,330,200.0,2.0
2025-07-18T17:05:14.041558,331,200.0,2.0
2025-07-18T17:05:14.041716,332,200.0,2.0
2025-07-18T17:05:14.136408,332,200.0,2.0
2025-07-18T17:05:14.218677,332,200.0,2.0
2025-07-18T17:05:14.288310,333,200.0,2.0
2025-07-18T17:05:14.371212,334,200.0,2.0
2025-07-18T17:05:14.371339,335,200.0,2.0
2025-07-18T17:05:14.431191,335,200.0,2.0
2025-07-18T17:05:14.518952,335,200.0,2.0
2025-07-18T17:05:14.591148,336,200.0,2.0
2025-07-18T17:05:14.678234,337,200.0,2.0
2025-07-18T17:05:14.678361,338,200.0,2.0
2025-07-18T17:05:14.753429,338,200.0,2.0
2025-07-18T17:05:14.841238,339,200.0,2.0
2025-07-18T17:05:14.841349,340,200.0,2.0
2025-07-18T17:05:15.021425,340,200.0,2.0
2025-07-18T17:05:15.261495,341,200.0,2.0
2025-07-18T17:05:15.326592,342,200.0,2.0
2025-07-18T17:05:15.326720,343,200.0,2.0
2025-07-18T17:05:15.496357,343,200.0,2.0
2025-07-18T17:05:15.571201,344,200.0,2.0
2025-07-18T17:05:15.678955,345,200.0,2.0
2025-07-18T17:05:15.679117,346,200.0,2.0
2025-07-18T17:05:15.743425,346,200.0,2.0
2025-07-18T17:05:15.811238,346,200.0,2.0
2025-07-18T17:05:15.883092,347,200.0,2.0
2025-07-18T17:05:15.998160,348,200.0,2.0
2025-07-18T17:05:15.998273,349,200.0,2.0
2025-07-18T17:05:16.078391,349,200.0,2.0
2025-07-18T17:05:16.188054,350,200.0,2.0
2025-07-18T17:05:16.188168,351,200.0,2.0
2025-07-18T17:05:16.273110,351,200.0,2.0
2025-07-18T17:05:16.321030,351,200.0,2.0
2025-07-18T17:05:16.511184,353,200.0,2.0
2025-07-18T17:05:16.511314,354,200.0,2.0
2025-07-18T17:05:16.586057,354,200.0,2.0
2025-07-18T17:05:16.676029,355,200.0,2.0
2025-07-18T17:05:16.676160,356,200.0,2.0
2025-07-18T17:05:16.756046,356,200.0,2.0
2025-07-18T17:05:16.846393,357,200.0,2.0
2025-07-18T17:05:16.846529,358,200.0,2.0
2025-07-18T17:05:17.009361,358,200.0,2.0
2025-07-18T17:05:17.076177,359,200.0,2.0
2025-07-18T17:05:17.164236,360,200.0,2.0
2025-07-18T17:05:17.164362,361,200.0,2.0
2025-07-18T17:05:17.231424,361,200.0,2.0
2025-07-18T17:05:17.307248,361,200.0,2.0
2025-07-18T17:05:17.371704,362,200.0,2.0
2025-07-18T17:05:17.476207,363,200.0,2.0
2025-07-18T17:05:17.476326,364,200.0,2.0
2025-07-18T17:05:17.606699,364,200.0,2.0
2025-07-18T17:05:17.679477,365,200.0,2.0
2025-07-18T17:05:17.679595,366,200.0,2.0
2025-07-18T17:05:17.741520,366,200.0,2.0
2025-07-18T17:05:17.817282,366,200.0,2.0
2025-07-18T17:05:17.886396,367,200.0,2.0
2025-07-18T17:05:17.978063,368,200.0,2.0
2025-07-18T17:05:17.978172,369,200.0,2.0
2025-07-18T17:05:18.138286,369,200.0,2.0
2025-07-18T17:05:18.192956,370,200.0,2.0
2025-07-18T17:05:18.193109,371,200.0,2.0
2025-07-18T17:05:18.369060,372,200.0,2.0
2025-07-18T17:05:18.369199,373,200.0,2.0
2025-07-18T17:05:18.436203,373,200.0,2.0
2025-07-18T17:05:18.506093,373,200.0,2.0
2025-07-18T17:05:18.571479,374,200.0,2.0
2025-07-18T17:05:18.681238,375,200.0,2.0
2025-07-18T17:05:18.681362,376,200.0,2.0
2025-07-18T17:05:18.746277,376,200.0,2.0
2025-07-18T17:05:18.831087,376,200.0,2.0
2025-07-18T17:05:19.035725,377,200.0,2.0
2025-07-18T17:05:19.128151,378,200.0,2.0
2025-07-18T17:05:19.128276,379,200.0,2.0
2025-07-18T17:05:19.316320,379,200.0,2.0
2025-07-18T17:05:19.398424,380,200.0,2.0
2025-07-18T17:05:19.451226,381,200.0,2.0
2025-07-18T17:05:19.451372,382,200.0,2.0
2025-07-18T17:05:19.526497,382,200.0,2.0
2025-07-18T17:05:19.626256,382,200.0,2.0
2025-07-18T17:05:19.686040,383,200.0,2.0
2025-07-18T17:05:19.759261,384,200.0,2.0
2025-07-18T17:05:19.759399,385,200.0,2.0
2025-07-18T17:05:19.971292,385,200.0,2.0
2025-07-18T17:05:20.031311,386,200.0,2.0
2025-07-18T17:05:20.031450,387,200.0,2.0
2025-07-18T17:05:20.126185,387,200.0,2.0
2025-07-18T17:05:20.221107,387,200.0,2.0
2025-07-18T17:05:20.286193,388,200.0,2.0
2025-07-18T17:05:20.371304,389,200.0,2.0
2025-07-18T17:05:20.371441,390,200.0,2.0
2025-07-18T17:05:20.436453,390,200.0,2.0
2025-07-18T17:05:20.521789,390,200.0,2.0
2025-07-18T17:05:20.596323,391,200.0,2.0
2025-07-18T17:05:20.681252,392,200.0,2.0
2025-07-18T17:05:20.681391,393,200.0,2.0
2025-07-18T17:05:20.826814,393,200.0,2.0
2025-07-18T17:05:20.891242,394,200.0,2.0
2025-07-18T17:05:20.971171,395,200.0,2.0
2025-07-18T17:05:20.971306,396,200.0,2.0
2025-07-18T17:05:21.146367,397,200.0,2.0
2025-07-18T17:05:21.146487,398,200.0,2.0
2025-07-18T17:05:21.336438,398,200.0,2.0
2025-07-18T17:05:21.406251,399,200.0,2.0
2025-07-18T17:05:21.491140,400,200.0,2.0
2025-07-18T17:05:21.491269,401,200.0,2.0
2025-07-18T17:05:21.566186,401,200.0,2.0
2025-07-18T17:05:21.683168,402,200.0,2.0
2025-07-18T17:05:21.683284,403,200.0,2.0
2025-07-18T17:05:21.748472,403,200.0,2.0
2025-07-18T17:05:21.833242,404,200.0,2.0
2025-07-18T17:05:21.833370,405,200.0,2.0
2025-07-18T17:05:22.023284,405,200.0,2.0
2025-07-18T17:05:22.183112,407,200.0,2.0
2025-07-18T17:05:22.183420,408,200.0,2.0
2025-07-18T17:05:22.248031,408,200.0,2.0
2025-07-18T17:05:22.324237,409,200.0,2.0
2025-07-18T17:05:22.324358,410,200.0,2.0
2025-07-18T17:05:22.524428,410,200.0,2.0
2025-07-18T17:05:22.684483,411,200.0,2.0
2025-07-18T17:05:22.751514,412,200.0,2.0
2025-07-18T17:05:22.846199,413,200.0,2.0
2025-07-18T17:05:22.846343,414,200.0,2.0
2025-07-18T17:05:22.926353,414,200.0,2.0
2025-07-18T17:05:23.061208,415,200.0,2.0
2025-07-18T17:05:23.061339,416,200.0,2.0
2025-07-18T17:05:23.153515,416,200.0,2.0
2025-07-18T17:05:23.153654,417,200.0,2.0
2025-07-18T17:05:23.153723,418,200.0,2.0
2025-07-18T17:05:23.319447,417,200.0,2.0
2025-07-18T17:05:23.426436,418,200.0,2.0
2025-07-18T17:05:23.498454,419,200.0,2.0
2025-07-18T17:05:23.498581,420,200.0,2.0
2025-07-18T17:05:23.568286,420,200.0,2.0
2025-07-18T17:05:23.643327,421,200.0,2.0
2025-07-18T17:05:23.643446,422,200.0,2.0
2025-07-18T17:05:23.868294,422,200.0,2.0
2025-07-18T17:05:23.916130,422,200.0,2.0
2025-07-18T17:05:23.976080,423,200.0,2.0
2025-07-18T17:05:24.111052,424,200.0,2.0
2025-07-18T17:05:24.111165,425,200.0,2.0
2025-07-18T17:05:24.270916,425,200.0,2.0
2025-07-18T17:05:24.348086,426,200.0,2.0
2025-07-18T17:05:24.348199,427,200.0,2.0
2025-07-18T17:05:24.526167,428,200.0,2.0
2025-07-18T17:05:24.526285,429,200.0,2.0
2025-07-18T17:05:24.696220,429,200.0,2.0
2025-07-18T17:05:24.766205,430,200.0,2.0
2025-07-18T17:05:24.841079,431,200.0,2.0
2025-07-18T17:05:24.841221,432,200.0,2.0
2025-07-18T17:05:24.971391,432,200.0,2.0
2025-07-18T17:05:25.061280,433,200.0,2.0
2025-07-18T17:05:25.061397,434,200.0,2.0
2025-07-18T17:05:25.126204,434,200.0,2.0
2025-07-18T17:05:25.232623,435,200.0,2.0
2025-07-18T17:05:25.232950,436,200.0,2.0
2025-07-18T17:05:25.399260,436,200.0,2.0
2025-07-18T17:05:25.471453,437,200.0,2.0
2025-07-18T17:05:25.551272,438,200.0,2.0
2025-07-18T17:05:25.551399,439,200.0,2.0
2025-07-18T17:05:25.916483,439,200.0,2.0
2025-07-18T17:05:25.983349,440,200.0,2.0
2025-07-18T17:05:25.983468,441,200.0,2.0
2025-07-18T17:05:26.048275,441,200.0,2.0
2025-07-18T17:05:26.137284,442,200.0,2.0
2025-07-18T17:05:26.137413,443,200.0,2.0
2025-07-18T17:05:26.323121,443,200.0,2.0
2025-07-18T17:05:26.493127,445,200.0,2.0
2025-07-18T17:05:26.493276,446,200.0,2.0
2025-07-18T17:05:26.573301,446,200.0,2.0
2025-07-18T17:05:26.661061,447,200.0,2.0
2025-07-18T17:05:26.661206,448,200.0,2.0
2025-07-18T17:05:26.836208,448,200.0,2.0
2025-07-18T17:05:26.891194,449,200.0,2.0
2025-07-18T17:05:26.891315,450,200.0,2.0
2025-07-18T17:05:26.956063,450,200.0,2.0
2025-07-18T17:05:27.081058,451,200.0,2.0
2025-07-18T17:05:27.081194,452,200.0,2.0
2025-07-18T17:05:27.156203,452,200.0,2.0
2025-07-18T17:05:27.228694,452,200.0,2.0
2025-07-18T17:05:27.326153,453,200.0,2.0
2025-07-18T17:05:27.393440,454,200.0,2.0
2025-07-18T17:05:27.393570,455,200.0,2.0
2025-07-18T17:05:27.463203,455,200.0,2.0
2025-07-18T17:05:27.558374,456,200.0,2.0
2025-07-18T17:05:27.558509,457,200.0,2.0
2025-07-18T17:05:27.638345,457,200.0,2.0
2025-07-18T17:05:27.708726,457,200.0,2.0
2025-07-18T17:05:27.774102,458,200.0,2.0
2025-07-18T17:05:27.843384,459,200.0,2.0
2025-07-18T17:05:27.843505,460,200.0,2.0
2025-07-18T17:05:28.048272,460,200.0,2.0
2025-07-18T17:05:28.126116,460,200.0,2.0
2025-07-18T17:05:28.201092,461,200.0,2.0
2025-07-18T17:05:28.286106,462,200.0,2.0
2025-07-18T17:05:28.286220,463,200.0,2.0
2025-07-18T17:05:28.346294,463,200.0,2.0
2025-07-18T17:05:28.430985,464,200.0,2.0
2025-07-18T17:05:28.431107,465,200.0,2.0
2025-07-18T17:05:28.531432,465,200.0,2.0
2025-07-18T17:05:28.602520,465,200.0,2.0
2025-07-18T17:05:28.676153,466,200.0,2.0
2025-07-18T17:05:28.753388,467,200.0,2.0
2025-07-18T17:05:28.753531,468,200.0,2.0
2025-07-18T17:05:28.993078,468,200.0,2.0
2025-07-18T17:05:29.047932,469,200.0,2.0
2025-07-18T17:05:29.048045,470,200.0,2.0
2025-07-18T17:05:29.418062,470,200.0,2.0
2025-07-18T17:05:29.483072,471,200.0,2.0
2025-07-18T17:05:29.483192,472,200.0,2.0
2025-07-18T17:05:29.568082,472,200.0,2.0
2025-07-18T17:05:29.633287,473,200.0,2.0
2025-07-18T17:05:29.633430,474,200.0,2.0
2025-07-18T17:05:29.738323,474,200.0,2.0
2025-07-18T17:05:29.806220,474,200.0,2.0
2025-07-18T17:05:29.866189,475,200.0,2.0
2025-07-18T17:05:29.946595,476,200.0,2.0
2025-07-18T17:05:29.946725,477,200.0,2.0
2025-07-18T17:05:30.107760,477,200.0,2.0
2025-07-18T17:05:30.191335,478,200.0,2.0
2025-07-18T17:05:30.191452,479,200.0,2.0
2025-07-18T17:05:30.261580,479,200.0,2.0
2025-07-18T17:05:30.351554,480,200.0,2.0
2025-07-18T17:05:30.351710,481,200.0,2.0
2025-07-18T17:05:30.526453,481,200.0,2.0
2025-07-18T17:05:30.694301,482,200.0,2.0
2025-07-18T17:05:30.761272,483,200.0,2.0
2025-07-18T17:05:30.836490,484,200.0,2.0
2025-07-18T17:05:30.836615,485,200.0,2.0
2025-07-18T17:05:30.931410,485,200.0,2.0
2025-07-18T17:05:31.008112,485,200.0,2.0
2025-07-18T17:05:31.068528,486,200.0,2.0
2025-07-18T17:05:31.158211,487,200.0,2.0
2025-07-18T17:05:31.158336,488,200.0,2.0
2025-07-18T17:05:31.338177,488,200.0,2.0
2025-07-18T17:05:31.413247,489,200.0,2.0
2025-07-18T17:05:31.413388,490,200.0,2.0
2025-07-18T17:05:31.578523,490,200.0,2.0
2025-07-18T17:05:31.658492,491,200.0,2.0
2025-07-18T17:05:31.756460,492,200.0,2.0
2025-07-18T17:05:31.756604,493,200.0,2.0
2025-07-18T17:05:31.941325,493,200.0,2.0
2025-07-18T17:05:32.009129,493,200.0,2.0
2025-07-18T17:05:32.081039,494,200.0,2.0
2025-07-18T17:05:32.171568,495,200.0,2.0
2025-07-18T17:05:32.171689,496,200.0,2.0
2025-07-18T17:05:32.236441,496,200.0,2.0
2025-07-18T17:05:32.319469,496,200.0,2.0
2025-07-18T17:05:32.381534,497,200.0,2.0
2025-07-18T17:05:32.473982,498,200.0,2.0
2025-07-18T17:05:32.474107,499,200.0,2.0
2025-07-18T17:05:32.541394,499,200.0,2.0
2025-07-18T17:05:32.626215,499,200.0,2.0
2025-07-18T17:05:32.701295,500,200.0,2.0
2025-07-18T17:05:32.779093,501,200.0,2.0
2025-07-18T17:05:32.779209,502,200.0,2.0
2025-07-18T17:05:32.846143,502,200.0,2.0
2025-07-18T17:05:32.931048,503,200.0,2.0
2025-07-18T17:05:32.931166,504,200.0,2.0
2025-07-18T17:05:33.166156,504,200.0,2.0
2025-07-18T17:05:33.253538,505,200.0,2.0
2025-07-18T17:05:33.253682,506,200.0,2.0
2025-07-18T17:05:33.498501,506,200.0,2.0
2025-07-18T17:05:33.573333,507,200.0,2.0
2025-07-18T17:05:33.573441,508,200.0,2.0
2025-07-18T17:05:33.643533,508,200.0,2.0
2025-07-18T17:05:33.738009,509,200.0,2.0
2025-07-18T17:05:33.738124,510,200.0,2.0
2025-07-18T17:05:33.993218,510,200.0,2.0
2025-07-18T17:05:34.093284,511,200.0,2.0
2025-07-18T17:05:34.166311,512,200.0,2.0
2025-07-18T17:05:34.166426,513,200.0,2.0
2025-07-18T17:05:34.696366,514,200.0,2.0
2025-07-18T17:05:34.696486,515,200.0,2.0
2025-07-18T17:05:34.766121,515,200.0,2.0
2025-07-18T17:05:34.876461,516,200.0,2.0
2025-07-18T17:05:34.876579,517,200.0,2.0
2025-07-18T17:05:34.941367,517,200.0,2.0
2025-07-18T17:05:35.014264,517,200.0,2.0
2025-07-18T17:05:35.576443,519,200.0,2.0
2025-07-18T17:05:35.576569,520,200.0,2.0
2025-07-18T17:05:35.656502,520,200.0,2.0
2025-07-18T17:05:35.731400,521,200.0,2.0
2025-07-18T17:05:35.731538,522,200.0,2.0
2025-07-18T17:05:35.898995,522,200.0,2.0
2025-07-18T17:05:35.966072,523,200.0,2.0
2025-07-18T17:05:36.081210,524,200.0,2.0
2025-07-18T17:05:36.081340,525,200.0,2.0
2025-07-18T17:05:36.146251,525,200.0,2.0
2025-07-18T17:05:36.243039,526,200.0,2.0
2025-07-18T17:05:36.243368,527,200.0,2.0
2025-07-18T17:05:36.633955,528,200.0,2.0
2025-07-18T17:05:36.634099,529,200.0,2.0
2025-07-18T17:05:36.811211,529,200.0,2.0
2025-07-18T17:05:36.924353,530,200.0,2.0
2025-07-18T17:05:36.983214,531,200.0,2.0
2025-07-18T17:05:36.983328,532,200.0,2.0
2025-07-18T17:05:37.053354,532,200.0,2.0
2025-07-18T17:05:37.126173,533,200.0,2.0
2025-07-18T17:05:37.126319,534,200.0,2.0
2025-07-18T17:05:37.236326,534,200.0,2.0
2025-07-18T17:05:37.336070,535,200.0,2.0
2025-07-18T17:05:37.336197,536,200.0,2.0
2025-07-18T17:05:37.526178,536,200.0,2.0
2025-07-18T17:05:37.591124,537,200.0,2.0
2025-07-18T17:05:37.671278,538,200.0,2.0
2025-07-18T17:05:37.671425,539,200.0,2.0
2025-07-18T17:05:37.761169,539,200.0,2.0
2025-07-18T17:05:37.846427,540,200.0,2.0
2025-07-18T17:05:37.846566,541,200.0,2.0
2025-07-18T17:05:38.010525,541,200.0,2.0
2025-07-18T17:05:38.106179,542,200.0,2.0
2025-07-18T17:05:38.191308,543,200.0,2.0
2025-07-18T17:05:38.191429,544,200.0,2.0
2025-07-18T17:05:38.251166,544,200.0,2.0
2025-07-18T17:05:38.346435,545,200.0,2.0
2025-07-18T17:05:38.346584,546,200.0,2.0
2025-07-18T17:05:38.431535,546,200.0,2.0
2025-07-18T17:05:38.511438,546,200.0,2.0
2025-07-18T17:05:38.591598,547,200.0,2.0
2025-07-18T17:05:38.671297,548,200.0,2.0
2025-07-18T17:05:38.671415,549,200.0,2.0
2025-07-18T17:05:38.821285,549,200.0,2.0
2025-07-18T17:05:38.864490,550,200.0,2.0
2025-07-18T17:05:38.864612,551,200.0,2.0
2025-07-18T17:05:38.926500,551,200.0,2.0
2025-07-18T17:05:39.040163,551,200.0,2.0
2025-07-18T17:05:39.233285,552,200.0,2.0
2025-07-18T17:05:39.313127,553,200.0,2.0
2025-07-18T17:05:39.313293,554,200.0,2.0
2025-07-18T17:05:39.383097,554,200.0,2.0
2025-07-18T17:05:39.468356,555,200.0,2.0
2025-07-18T17:05:39.468506,556,200.0,2.0
2025-07-18T17:05:39.633205,556,200.0,2.0
2025-07-18T17:05:39.713527,557,200.0,2.0
2025-07-18T17:05:39.791317,558,200.0,2.0
2025-07-18T17:05:39.791462,559,200.0,2.0
2025-07-18T17:05:39.866335,559,200.0,2.0
2025-07-18T17:05:39.926004,560,200.0,2.0
2025-07-18T17:05:39.926124,561,200.0,2.0
2025-07-18T17:05:40.086108,561,200.0,2.0
2025-07-18T17:05:40.146337,562,200.0,2.0
2025-07-18T17:05:40.224375,563,200.0,2.0
2025-07-18T17:05:40.224505,564,200.0,2.0
2025-07-18T17:05:40.391098,564,200.0,2.0
2025-07-18T17:05:40.456219,565,200.0,2.0
2025-07-18T17:05:40.531446,566,200.0,2.0
2025-07-18T17:05:40.531567,567,200.0,2.0
2025-07-18T17:05:40.731248,567,200.0,2.0
2025-07-18T17:05:40.831526,568,200.0,2.0
2025-07-18T17:05:40.891310,569,200.0,2.0
2025-07-18T17:05:40.891432,570,200.0,2.0
2025-07-18T17:05:40.956463,570,200.0,2.0
2025-07-18T17:05:41.043272,571,200.0,2.0
2025-07-18T17:05:41.043401,572,200.0,2.0
2025-07-18T17:05:41.281270,572,200.0,2.0
2025-07-18T17:05:41.342952,573,200.0,2.0
2025-07-18T17:05:41.343067,574,200.0,2.0
2025-07-18T17:05:41.473253,574,200.0,2.0
2025-07-18T17:05:41.543277,575,200.0,2.0
2025-07-18T17:05:41.543398,576,200.0,2.0
2025-07-18T17:05:41.732943,576,200.0,2.0
2025-07-18T17:05:41.899098,577,200.0,2.0
2025-07-18T17:05:41.977167,578,200.0,2.0
2025-07-18T17:05:42.071300,579,200.0,2.0
2025-07-18T17:05:42.071426,580,200.0,2.0
2025-07-18T17:05:42.136602,580,200.0,2.0
2025-07-18T17:05:42.221115,580,200.0,2.0
2025-07-18T17:05:42.436246,582,200.0,2.0
2025-07-18T17:05:42.436367,583,200.0,2.0
2025-07-18T17:05:42.633311,583,200.0,2.0
2025-07-18T17:05:42.806406,584,200.0,2.0
2025-07-18T17:05:42.883507,585,200.0,2.0
2025-07-18T17:05:42.964030,586,200.0,2.0
2025-07-18T17:05:42.964150,587,200.0,2.0
2025-07-18T17:05:43.038605,587,200.0,2.0
2025-07-18T17:05:43.109331,587,200.0,2.0
2025-07-18T17:05:43.281065,589,200.0,2.0
2025-07-18T17:05:43.281197,590,200.0,2.0
2025-07-18T17:05:43.418096,590,200.0,2.0
2025-07-18T17:05:43.523149,591,200.0,2.0
2025-07-18T17:05:43.576153,592,200.0,2.0
2025-07-18T17:05:43.576267,593,200.0,2.0
2025-07-18T17:05:43.656217,593,200.0,2.0
2025-07-18T17:05:43.726264,594,200.0,2.0
2025-07-18T17:05:43.726430,595,200.0,2.0
2025-07-18T17:05:43.889509,595,200.0,2.0
2025-07-18T17:05:43.951404,596,200.0,2.0
2025-07-18T17:05:44.039440,597,200.0,2.0
2025-07-18T17:05:44.039576,598,200.0,2.0
2025-07-18T17:05:44.301495,599,200.0,2.0
2025-07-18T17:05:44.301768,600,200.0,2.0
2025-07-18T17:05:44.376830,600,200.0,2.0
2025-07-18T17:05:44.459284,601,200.0,2.0
2025-07-18T17:05:44.459414,602,200.0,2.0
2025-07-18T17:05:44.541304,602,200.0,2.0
2025-07-18T17:05:44.611120,602,200.0,2.0
2025-07-18T17:05:44.676133,603,200.0,2.0
2025-07-18T17:05:44.775992,604,200.0,2.0
2025-07-18T17:05:44.776117,605,200.0,2.0
2025-07-18T17:05:44.846023,605,200.0,2.0
2025-07-18T17:05:44.930998,605,200.0,2.0
2025-07-18T17:05:45.123065,606,200.0,2.0
2025-07-18T17:05:45.193215,607,200.0,2.0
2025-07-18T17:05:45.273273,608,200.0,2.0
2025-07-18T17:05:45.273433,609,200.0,2.0
2025-07-18T17:05:45.336259,609,200.0,2.0
2025-07-18T17:05:45.438992,610,200.0,2.0
2025-07-18T17:05:45.439130,611,200.0,2.0
2025-07-18T17:05:45.623208,611,200.0,2.0
2025-07-18T17:05:45.688263,612,200.0,2.0
2025-07-18T17:05:45.769890,613,200.0,2.0
2025-07-18T17:05:45.769992,614,200.0,2.0
2025-07-18T17:05:45.836322,614,200.0,2.0
2025-07-18T17:05:45.961262,615,200.0,2.0
2025-07-18T17:05:45.961380,616,200.0,2.0
2025-07-18T17:05:46.031620,616,200.0,2.0
2025-07-18T17:05:46.106390,616,200.0,2.0
2025-07-18T17:05:46.166422,617,200.0,2.0
2025-07-18T17:05:46.279308,618,200.0,2.0
2025-07-18T17:05:46.279433,619,200.0,2.0
2025-07-18T17:05:46.351368,619,200.0,2.0
2025-07-18T17:05:46.438089,620,200.0,2.0
2025-07-18T17:05:46.438210,621,200.0,2.0
2025-07-18T17:05:46.593495,621,200.0,2.0
2025-07-18T17:05:46.681177,622,200.0,2.0
2025-07-18T17:05:46.681316,623,200.0,2.0
2025-07-18T17:05:46.758191,623,200.0,2.0
2025-07-18T17:05:46.839305,624,200.0,2.0
2025-07-18T17:05:46.839440,625,200.0,2.0
2025-07-18T17:05:46.999330,625,200.0,2.0
2025-07-18T17:05:47.071462,626,200.0,2.0
2025-07-18T17:05:47.171250,627,200.0,2.0
2025-07-18T17:05:47.171367,628,200.0,2.0
2025-07-18T17:05:47.236199,628,200.0,2.0
2025-07-18T17:05:47.319396,628,200.0,2.0
2025-07-18T17:05:47.391679,629,200.0,2.0
2025-07-18T17:05:47.486083,630,200.0,2.0
2025-07-18T17:05:47.486196,631,200.0,2.0
2025-07-18T17:05:47.546242,631,200.0,2.0
2025-07-18T17:05:47.626161,631,200.0,2.0
2025-07-18T17:05:47.716080,632,200.0,2.0
2025-07-18T17:05:47.783256,633,200.0,2.0
2025-07-18T17:05:47.783377,634,200.0,2.0
2025-07-18T17:05:47.848175,634,200.0,2.0
2025-07-18T17:05:47.928265,635,200.0,2.0
2025-07-18T17:05:47.928379,636,200.0,2.0
2025-07-18T17:05:48.033365,636,200.0,2.0
2025-07-18T17:05:48.113212,636,200.0,2.0
2025-07-18T17:05:48.183184,637,200.0,2.0
2025-07-18T17:05:48.243011,638,200.0,2.0
2025-07-18T17:05:48.243114,639,200.0,2.0
2025-07-18T17:05:48.428136,639,200.0,2.0
2025-07-18T17:05:48.508561,640,200.0,2.0
2025-07-18T17:05:48.508695,641,200.0,2.0
2025-07-18T17:05:48.573411,641,200.0,2.0
2025-07-18T17:05:48.676299,642,200.0,2.0
2025-07-18T17:05:48.676418,643,200.0,2.0
2025-07-18T17:05:48.751465,643,200.0,2.0
2025-07-18T17:05:48.831238,644,200.0,2.0
2025-07-18T17:05:48.831360,645,200.0,2.0
2025-07-18T17:05:48.941482,645,200.0,2.0
2025-07-18T17:05:49.006567,645,200.0,2.0
2025-07-18T17:05:49.081340,646,200.0,2.0
2025-07-18T17:05:49.164197,647,200.0,2.0
2025-07-18T17:05:49.164311,648,200.0,2.0
2025-07-18T17:05:49.231367,648,200.0,2.0
2025-07-18T17:05:49.626364,649,200.0,2.0
2025-07-18T17:05:49.626491,650,200.0,2.0
2025-07-18T17:05:49.711511,650,200.0,2.0
2025-07-18T17:05:49.781247,651,200.0,2.0
2025-07-18T17:05:49.781362,652,200.0,2.0
2025-07-18T17:05:49.841333,652,200.0,2.0
2025-07-18T17:05:49.923465,652,200.0,2.0
2025-07-18T17:05:49.981038,653,200.0,2.0
2025-07-18T17:05:50.088184,654,200.0,2.0
2025-07-18T17:05:50.088311,655,200.0,2.0
2025-07-18T17:05:50.153256,655,200.0,2.0
2025-07-18T17:05:50.233372,656,200.0,2.0
2025-07-18T17:05:50.233597,657,200.0,2.0
2025-07-18T17:05:50.398426,657,200.0,2.0
2025-07-18T17:05:50.463462,658,200.0,2.0
2025-07-18T17:05:50.541830,659,200.0,2.0
2025-07-18T17:05:50.541982,660,200.0,2.0
2025-07-18T17:05:50.726341,660,200.0,2.0
2025-07-18T17:05:50.889369,661,200.0,2.0
2025-07-18T17:05:50.951192,662,200.0,2.0
2025-07-18T17:05:51.041700,663,200.0,2.0
2025-07-18T17:05:51.041807,664,200.0,2.0
2025-07-18T17:05:51.199312,664,200.0,2.0
2025-07-18T17:05:51.261058,665,200.0,2.0
2025-07-18T17:05:51.341043,666,200.0,2.0
2025-07-18T17:05:51.341184,667,200.0,2.0
2025-07-18T17:05:51.514322,667,200.0,2.0
2025-07-18T17:05:51.576116,668,200.0,2.0
2025-07-18T17:05:51.675068,669,200.0,2.0
2025-07-18T17:05:51.675183,670,200.0,2.0
2025-07-18T17:05:51.741025,670,200.0,2.0
2025-07-18T17:05:52.213079,670,200.0,2.0
2025-07-18T17:05:52.433234,671,200.0,2.0
2025-07-18T17:05:52.533424,672,200.0,2.0
2025-07-18T17:05:52.533534,673,200.0,2.0
2025-07-18T17:05:52.698427,673,200.0,2.0
2025-07-18T17:05:52.878244,675,200.0,2.0
2025-07-18T17:05:52.878375,676,200.0,2.0
2025-07-18T17:05:52.942981,676,200.0,2.0
2025-07-18T17:05:53.009343,676,200.0,2.0
2025-07-18T17:05:53.066727,677,200.0,2.0
2025-07-18T17:05:53.186265,678,200.0,2.0
2025-07-18T17:05:53.186377,679,200.0,2.0
2025-07-18T17:05:53.251320,679,200.0,2.0
2025-07-18T17:05:53.321233,679,200.0,2.0
2025-07-18T17:05:53.416267,680,200.0,2.0
2025-07-18T17:05:53.486373,681,200.0,2.0
2025-07-18T17:05:53.486490,682,200.0,2.0
2025-07-18T17:05:53.546240,682,200.0,2.0
2025-07-18T17:05:53.633006,683,200.0,2.0
2025-07-18T17:05:53.633126,684,200.0,2.0
2025-07-18T17:05:53.827902,684,200.0,2.0
2025-07-18T17:05:53.898091,685,200.0,2.0
2025-07-18T17:05:53.971272,686,200.0,2.0
2025-07-18T17:05:53.971403,687,200.0,2.0
2025-07-18T17:05:54.041230,687,200.0,2.0
2025-07-18T17:05:54.119490,687,200.0,2.0
2025-07-18T17:05:54.191085,688,200.0,2.0
2025-07-18T17:05:54.276013,689,200.0,2.0
2025-07-18T17:05:54.276264,690,200.0,2.0
2025-07-18T17:05:54.341214,690,200.0,2.0
2025-07-18T17:05:54.431178,690,200.0,2.0
2025-07-18T17:05:54.506257,691,200.0,2.0
2025-07-18T17:05:54.559221,692,200.0,2.0
2025-07-18T17:05:54.559359,693,200.0,2.0
2025-07-18T17:05:54.631040,693,200.0,2.0
2025-07-18T17:05:54.713540,693,200.0,2.0
2025-07-18T17:05:54.918198,695,200.0,2.0
2025-07-18T17:05:54.918317,696,200.0,2.0
2025-07-18T17:05:54.993273,696,200.0,2.0
2025-07-18T17:05:55.069647,697,200.0,2.0
2025-07-18T17:05:55.069760,698,200.0,2.0
2025-07-18T17:05:55.148490,698,200.0,2.0
2025-07-18T17:05:55.408449,699,200.0,2.0
2025-07-18T17:05:55.408557,700,200.0,2.0
2025-07-18T17:05:55.498218,700,200.0,2.0
2025-07-18T17:05:55.591489,701,200.0,2.0
2025-07-18T17:05:55.591647,702,200.0,2.0
2025-07-18T17:05:55.671254,702,200.0,2.0
2025-07-18T17:05:55.739577,703,200.0,2.0
2025-07-18T17:05:55.739714,704,200.0,2.0
2025-07-18T17:05:55.899147,704,200.0,2.0
2025-07-18T17:05:55.976100,705,200.0,2.0
2025-07-18T17:05:56.061033,706,200.0,2.0
2025-07-18T17:05:56.061201,707,200.0,2.0
2025-07-18T17:05:56.221315,707,200.0,2.0
2025-07-18T17:05:56.286220,708,200.0,2.0
2025-07-18T17:05:56.286339,709,200.0,2.0
2025-07-18T17:05:56.438207,710,200.0,2.0
2025-07-18T17:05:56.438325,711,200.0,2.0
2025-07-18T17:05:56.608384,711,200.0,2.0
2025-07-18T17:05:56.678429,712,200.0,2.0
2025-07-18T17:05:56.778065,713,200.0,2.0
2025-07-18T17:05:56.778192,714,200.0,2.0
2025-07-18T17:05:56.859320,714,200.0,2.0
2025-07-18T17:05:57.301276,714,200.0,2.0
2025-07-18T17:05:57.451262,715,200.0,2.0
2025-07-18T17:05:57.504284,715,200.0,2.0
2025-07-18T17:05:57.561786,716,200.0,2.0
2025-07-18T17:05:57.666454,717,200.0,2.0
2025-07-18T17:05:57.666579,718,200.0,2.0
2025-07-18T17:05:57.726513,718,200.0,2.0
2025-07-18T17:05:57.806112,718,200.0,2.0
2025-07-18T17:05:57.866360,719,200.0,2.0
2025-07-18T17:05:57.969587,720,200.0,2.0
2025-07-18T17:05:57.969711,721,200.0,2.0
2025-07-18T17:05:58.036419,721,200.0,2.0
2025-07-18T17:05:58.101246,721,200.0,2.0
2025-07-18T17:05:58.161173,722,200.0,2.0
2025-07-18T17:05:58.711323,723,200.0,2.0
2025-07-18T17:05:58.711443,724,200.0,2.0
2025-07-18T17:05:59.048067,725,200.0,2.0
2025-07-18T17:05:59.048172,726,200.0,2.0
2025-07-18T17:05:59.178336,726,200.0,2.0
2025-07-18T17:05:59.253744,727,200.0,2.0
2025-07-18T17:05:59.253868,728,200.0,2.0
2025-07-18T17:05:59.338048,728,200.0,2.0
2025-07-18T17:05:59.433109,729,200.0,2.0
2025-07-18T17:05:59.433259,730,200.0,2.0
2025-07-18T17:05:59.623025,730,200.0,2.0
2025-07-18T17:05:59.688384,731,200.0,2.0
2025-07-18T17:05:59.793107,732,200.0,2.0
2025-07-18T17:05:59.793261,733,200.0,2.0
2025-07-18T17:05:59.868315,733,200.0,2.0
2025-07-18T17:05:59.946117,734,200.0,2.0
2025-07-18T17:05:59.946251,735,200.0,2.0
2025-07-18T17:06:00.116136,735,200.0,2.0
2025-07-18T17:06:00.169205,736,200.0,2.0
2025-07-18T17:06:00.169329,737,200.0,2.0
2025-07-18T17:06:00.231240,737,200.0,2.0
2025-07-18T17:06:00.328502,738,200.0,2.0
2025-07-18T17:06:00.328652,739,200.0,2.0
2025-07-18T17:06:00.503358,739,200.0,2.0
2025-07-18T17:06:00.573345,740,200.0,2.0
2025-07-18T17:06:00.681221,741,200.0,2.0
2025-07-18T17:06:00.681342,742,200.0,2.0
2025-07-18T17:06:00.841498,743,200.0,2.0
2025-07-18T17:06:00.841657,744,200.0,2.0
2025-07-18T17:06:01.023224,744,200.0,2.0
2025-07-18T17:06:01.103324,745,200.0,2.0
2025-07-18T17:06:01.103469,746,200.0,2.0
2025-07-18T17:06:01.213604,746,200.0,2.0
2025-07-18T17:06:01.286397,747,200.0,2.0
2025-07-18T17:06:01.286527,748,200.0,2.0
2025-07-18T17:06:01.346130,748,200.0,2.0
2025-07-18T17:06:01.424307,749,200.0,2.0
2025-07-18T17:06:01.424428,750,200.0,2.0
2025-07-18T17:06:01.606384,750,200.0,2.0
2025-07-18T17:06:01.666179,751,200.0,2.0
2025-07-18T17:06:01.744549,752,200.0,2.0
2025-07-18T17:06:01.744711,753,200.0,2.0
