timestamp,time_seq,voltage_a,voltage_b,voltage_c,current_a,current_b,current_c,frequency,power_total,power_a,power_b,power_c
2025-07-18T01:50:29.610538,1,194.5,219.8,221.2,4.85,4.92,4.78,50.02,3246,943.3249999999999,1081.416,1057.336
2025-07-18T01:50:29.945156,2,194.5,219.8,221.2,4.85,4.92,4.78,50.02,3246,943.3249999999999,1081.416,1057.336
2025-07-18T01:50:30.234908,3,194.5,219.8,221.2,4.85,4.92,4.78,50.02,3246,943.3249999999999,1081.416,1057.336
2025-07-18T01:50:30.314997,3,194.5,219.8,221.2,4.85,4.92,4.78,50.02,3246,943.3249999999999,1081.416,1057.336
2025-07-18T01:50:30.374890,4,194.5,219.8,221.2,4.85,4.92,4.78,50.02,3246,943.3249999999999,1081.416,1057.336
2025-07-18T01:50:30.476790,4,194.5,219.8,221.2,4.85,4.92,4.78,50.02,3246,943.3249999999999,1081.416,1057.336
2025-07-18T01:50:30.646886,5,194.5,219.8,221.2,4.85,4.92,4.78,50.02,3246,943.3249999999999,1081.416,1057.336
2025-07-18T01:50:30.819929,6,194.5,219.8,221.2,4.85,4.92,4.78,50.02,3246,943.3249999999999,1081.416,1057.336
2025-07-18T01:50:30.910056,7,194.5,219.8,221.2,4.85,4.92,4.78,50.02,3246,943.3249999999999,1081.416,1057.336
2025-07-18T01:50:31.009929,7,194.5,219.8,221.2,4.85,4.92,4.78,50.02,3246,943.3249999999999,1081.416,1057.336
2025-07-18T01:50:31.169056,8,194.5,219.8,221.2,4.85,4.92,4.78,50.02,3246,943.3249999999999,1081.416,1057.336
2025-07-18T01:50:31.334965,9,194.5,219.8,221.2,4.85,4.92,4.78,50.02,3246,943.3249999999999,1081.416,1057.336
2025-07-18T01:50:31.514974,10,194.5,219.8,221.2,4.85,4.92,4.78,50.02,3246,943.3249999999999,1081.416,1057.336
2025-07-18T01:50:31.687755,11,194.5,219.8,221.2,4.85,4.92,4.78,50.02,3246,943.3249999999999,1081.416,1057.336
2025-07-18T01:50:32.225058,12,194.5,219.8,221.2,4.85,4.92,4.78,50.02,3246,943.3249999999999,1081.416,1057.336
2025-07-18T01:50:32.272093,13,194.5,219.8,221.2,4.85,4.92,4.78,50.02,3246,943.3249999999999,1081.416,1057.336
2025-07-18T01:50:32.272550,14,194.5,219.8,221.2,4.85,4.92,4.78,50.02,3246,943.3249999999999,1081.416,1057.336
2025-07-18T01:50:32.475171,14,194.5,219.8,221.2,4.85,4.92,4.78,50.02,3246,943.3249999999999,1081.416,1057.336
2025-07-18T01:50:32.731816,15,194.5,219.8,221.2,4.85,4.92,4.78,50.02,3246,943.3249999999999,1081.416,1057.336
2025-07-18T01:50:32.806907,15,194.5,219.8,221.2,4.85,4.92,4.78,50.02,3246,943.3249999999999,1081.416,1057.336
2025-07-18T01:50:32.951960,16,194.5,219.8,221.2,4.85,4.92,4.78,50.02,3246,943.3249999999999,1081.416,1057.336
2025-07-18T01:50:33.128921,17,194.5,219.8,221.2,4.85,4.92,4.78,50.02,3246,943.3249999999999,1081.416,1057.336
2025-07-18T01:50:33.304727,18,194.5,219.8,221.2,4.85,4.92,4.78,50.02,3246,943.3249999999999,1081.416,1057.336
2025-07-18T01:50:33.477221,19,194.5,219.8,221.2,4.85,4.92,4.78,50.02,3246,943.3249999999999,1081.416,1057.336
2025-07-18T01:50:49.927058,20,194.5,219.8,221.2,4.85,4.92,4.78,50.02,3246,943.3249999999999,1081.416,1057.336
2025-07-18T01:50:50.005120,21,194.5,219.8,221.2,4.85,4.92,4.78,50.02,3246,943.3249999999999,1081.416,1057.336
2025-07-18T01:50:50.114935,22,194.5,219.8,221.2,4.85,4.92,4.78,50.02,3246,943.3249999999999,1081.416,1057.336
2025-07-18T01:50:50.115173,23,194.5,219.8,221.2,4.85,4.92,4.78,50.02,3246,943.3249999999999,1081.416,1057.336
2025-07-18T01:50:50.184954,23,194.5,219.8,221.2,4.85,4.92,4.78,50.02,3246,943.3249999999999,1081.416,1057.336
2025-07-18T01:50:50.269998,24,194.5,219.8,221.2,4.85,4.92,4.78,50.02,3246,943.3249999999999,1081.416,1057.336
2025-07-18T01:50:50.270419,25,194.5,219.8,221.2,4.85,4.92,4.78,50.02,3246,943.3249999999999,1081.416,1057.336
2025-07-18T01:50:50.335017,25,194.5,219.8,221.2,4.85,4.92,4.78,50.02,3246,943.3249999999999,1081.416,1057.336
2025-07-18T01:50:50.424908,26,194.5,219.8,221.2,4.85,4.92,4.78,50.02,3246,943.3249999999999,1081.416,1057.336
2025-07-18T01:50:50.425331,27,194.5,219.8,221.2,4.85,4.92,4.78,50.02,3246,943.3249999999999,1081.416,1057.336
2025-07-18T01:50:50.580038,28,194.5,219.8,221.2,4.85,4.92,4.78,50.02,3246,943.3249999999999,1081.416,1057.336
2025-07-18T01:50:50.580251,29,194.5,219.8,221.2,4.85,4.92,4.78,50.02,3246,943.3249999999999,1081.416,1057.336
2025-07-18T01:50:50.650040,29,194.5,219.8,221.2,4.85,4.92,4.78,50.02,3246,943.3249999999999,1081.416,1057.336
2025-07-18T01:50:50.744765,30,194.5,219.8,221.2,4.85,4.92,4.78,50.02,3246,943.3249999999999,1081.416,1057.336
2025-07-18T01:50:50.745330,31,194.5,219.8,221.2,4.85,4.92,4.78,50.02,3246,943.3249999999999,1081.416,1057.336
2025-07-18T01:50:50.889833,32,194.5,219.8,221.2,4.85,4.92,4.78,50.02,3246,943.3249999999999,1081.416,1057.336
2025-07-18T01:50:50.889992,33,194.5,219.8,221.2,4.85,4.92,4.78,50.02,3246,943.3249999999999,1081.416,1057.336
2025-07-18T01:50:51.056773,34,194.5,219.8,221.2,4.85,4.92,4.78,50.02,3246,943.3249999999999,1081.416,1057.336
2025-07-18T01:50:51.056973,35,194.5,219.8,221.2,4.85,4.92,4.78,50.02,3246,943.3249999999999,1081.416,1057.336
2025-07-18T01:50:51.121803,35,194.5,219.8,221.2,4.85,4.92,4.78,50.02,3246,943.3249999999999,1081.416,1057.336
2025-07-18T01:50:51.191929,36,194.5,219.8,221.2,4.85,4.92,4.78,50.02,3246,943.3249999999999,1081.416,1057.336
2025-07-18T01:50:51.192139,37,194.5,219.8,221.2,4.85,4.92,4.78,50.02,3246,943.3249999999999,1081.416,1057.336
2025-07-18T01:50:51.256820,37,194.5,219.8,221.2,4.85,4.92,4.78,50.02,3246,943.3249999999999,1081.416,1057.336
2025-07-18T01:50:51.337221,38,194.5,219.8,221.2,4.85,4.92,4.78,50.02,3246,943.3249999999999,1081.416,1057.336
2025-07-18T01:50:51.337389,39,194.5,219.8,221.2,4.85,4.92,4.78,50.02,3246,943.3249999999999,1081.416,1057.336
2025-07-18T01:50:51.402179,39,194.5,219.8,221.2,4.85,4.92,4.78,50.02,3246,943.3249999999999,1081.416,1057.336
2025-07-18T01:50:51.481845,40,194.5,219.8,221.2,4.85,4.92,4.78,50.02,3246,943.3249999999999,1081.416,1057.336
2025-07-18T01:50:51.482047,41,194.5,219.8,221.2,4.85,4.92,4.78,50.02,3246,943.3249999999999,1081.416,1057.336
2025-07-18T01:50:51.566885,41,194.5,219.8,221.2,4.85,4.92,4.78,50.02,3246,943.3249999999999,1081.416,1057.336
2025-07-18T01:50:51.656968,42,194.5,219.8,221.2,4.85,4.92,4.78,50.02,3246,943.3249999999999,1081.416,1057.336
2025-07-18T01:50:51.657399,43,194.5,219.8,221.2,4.85,4.92,4.78,50.02,3246,943.3249999999999,1081.416,1057.336
2025-07-18T01:50:51.722096,43,194.5,219.8,221.2,4.85,4.92,4.78,50.02,3246,943.3249999999999,1081.416,1057.336
2025-07-18T01:50:51.796821,43,194.5,219.8,221.2,4.85,4.92,4.78,50.02,3246,943.3249999999999,1081.416,1057.336
2025-07-18T01:50:52.077016,44,194.5,219.8,221.2,4.85,4.92,4.78,50.02,3246,943.3249999999999,1081.416,1057.336
2025-07-18T01:50:52.146938,45,194.5,219.8,221.2,4.85,4.92,4.78,50.02,3246,943.3249999999999,1081.416,1057.336
2025-07-18T01:50:52.226822,45,194.5,219.8,221.2,4.85,4.92,4.78,50.02,3246,943.3249999999999,1081.416,1057.336
2025-07-18T01:50:52.296919,46,194.5,219.8,221.2,4.85,4.92,4.78,50.02,3246,943.3249999999999,1081.416,1057.336
2025-07-18T01:50:52.364903,47,194.5,219.8,221.2,4.85,4.92,4.78,50.02,3246,943.3249999999999,1081.416,1057.336
2025-07-18T01:50:52.365322,48,194.5,219.8,221.2,4.85,4.92,4.78,50.02,3246,943.3249999999999,1081.416,1057.336
2025-07-18T01:50:52.509954,49,194.5,219.8,221.2,4.85,4.92,4.78,50.02,3246,943.3249999999999,1081.416,1057.336
2025-07-18T01:50:52.510364,50,104.5,219.8,221.2,4.85,4.92,4.78,50.02,3246,506.825,1081.416,1057.336
2025-07-18T01:50:52.575006,50,104.5,219.8,221.2,4.85,4.92,4.78,50.02,3246,506.825,1081.416,1057.336
2025-07-18T01:50:52.647408,51,104.5,219.8,221.2,4.85,4.92,4.78,50.02,3246,506.825,1081.416,1057.336
2025-07-18T01:50:52.647573,52,104.5,219.8,221.2,4.85,4.92,4.78,50.02,3246,506.825,1081.416,1057.336
2025-07-18T01:50:52.714988,52,104.5,219.8,221.2,4.85,4.92,4.78,50.02,3246,506.825,1081.416,1057.336
2025-07-18T01:50:52.805214,52,104.5,219.8,221.2,4.85,4.92,4.78,50.02,3246,506.825,1081.416,1057.336
2025-07-18T01:50:52.950050,54,104.5,219.8,221.2,4.85,4.92,4.78,50.02,3246,506.825,1081.416,1057.336
2025-07-18T01:50:52.950470,55,104.5,219.8,221.2,4.85,4.92,4.78,50.02,3246,506.825,1081.416,1057.336
2025-07-18T01:50:53.010412,55,104.5,219.8,221.2,4.85,4.92,4.78,50.02,3246,506.825,1081.416,1057.336
2025-07-18T01:50:53.114959,56,104.5,219.8,221.2,4.85,4.92,4.78,50.02,3246,506.825,1081.416,1057.336
2025-07-18T01:50:53.115348,57,104.5,219.8,221.2,4.85,4.92,4.78,50.02,3246,506.825,1081.416,1057.336
2025-07-18T01:50:53.185061,57,104.5,219.8,221.2,4.85,4.92,4.78,50.02,3246,506.825,1081.416,1057.336
2025-07-18T01:50:53.252168,58,104.5,219.8,221.2,4.85,4.92,4.78,50.02,3246,506.825,1081.416,1057.336
2025-07-18T01:50:53.252641,59,104.5,219.8,221.2,4.85,4.92,4.78,50.02,3246,506.825,1081.416,1057.336
2025-07-18T01:50:53.400274,59,104.5,219.8,221.2,4.85,4.92,4.78,50.02,3246,506.825,1081.416,1057.336
2025-07-18T01:50:53.465158,60,104.5,219.8,221.2,4.85,4.92,4.78,50.02,3246,506.825,1081.416,1057.336
2025-07-18T01:50:53.545257,61,104.5,219.8,221.2,4.85,4.92,4.78,50.02,3246,506.825,1081.416,1057.336
2025-07-18T01:50:53.545668,62,104.5,219.8,221.2,4.85,4.92,4.78,50.02,3246,506.825,1081.416,1057.336
2025-07-18T01:50:53.610587,62,104.5,219.8,221.2,4.85,4.92,4.78,50.02,3246,506.825,1081.416,1057.336
2025-07-18T01:50:53.714924,63,104.5,219.8,221.2,4.85,4.92,4.78,50.02,3246,506.825,1081.416,1057.336
2025-07-18T01:50:53.715087,64,104.5,219.8,221.2,4.85,4.92,4.78,50.02,3246,506.825,1081.416,1057.336
2025-07-18T01:50:53.774835,64,104.5,219.8,221.2,4.85,4.92,4.78,50.02,3246,506.825,1081.416,1057.336
2025-07-18T01:50:53.857383,65,104.5,219.8,221.2,4.85,4.92,4.78,50.02,3246,506.825,1081.416,1057.336
2025-07-18T01:50:53.857578,66,104.5,219.8,221.2,4.85,4.92,4.78,50.02,3246,506.825,1081.416,1057.336
2025-07-18T01:50:53.925156,66,104.5,219.8,221.2,4.85,4.92,4.78,50.02,3246,506.825,1081.416,1057.336
2025-07-18T01:50:54.009904,67,104.5,219.8,221.2,4.85,4.92,4.78,50.02,3246,506.825,1081.416,1057.336
2025-07-18T01:50:54.010043,68,104.5,219.8,221.2,4.85,4.92,4.78,50.02,3246,506.825,1081.416,1057.336
2025-07-18T01:50:54.161865,68,104.5,219.8,221.2,4.85,4.92,4.78,50.02,3246,506.825,1081.416,1057.336
2025-07-18T01:50:54.350374,69,104.5,219.8,221.2,4.85,4.92,4.78,50.02,3246,506.825,1081.416,1057.336
2025-07-18T01:50:54.614940,71,104.5,219.8,221.2,4.85,4.92,4.78,50.02,3246,506.825,1081.416,1057.336
2025-07-18T01:50:54.615079,72,104.5,219.8,221.2,4.85,4.92,4.78,50.02,3246,506.825,1081.416,1057.336
2025-07-18T01:50:54.685060,72,104.5,219.8,221.2,4.85,4.92,4.78,50.02,3246,506.825,1081.416,1057.336
2025-07-18T01:50:54.776865,73,104.5,219.8,221.2,4.85,4.92,4.78,50.02,3246,506.825,1081.416,1057.336
2025-07-18T01:50:54.777064,74,104.5,219.8,221.2,4.85,4.92,4.78,50.02,3246,506.825,1081.416,1057.336
2025-07-18T01:50:54.846863,74,104.5,219.8,221.2,4.85,4.92,4.78,50.02,3246,506.825,1081.416,1057.336
2025-07-18T01:50:54.927039,74,104.5,219.8,221.2,4.85,4.92,4.78,50.02,3246,506.825,1081.416,1057.336
2025-07-18T01:50:54.996948,75,104.5,219.8,221.2,4.85,4.92,4.78,50.02,3246,506.825,1081.416,1057.336
2025-07-18T01:50:55.063908,76,104.5,219.8,221.2,4.85,4.92,4.78,50.02,3246,506.825,1081.416,1057.336
2025-07-18T01:50:55.064073,77,104.5,219.8,221.2,4.85,4.92,4.78,50.02,3246,506.825,1081.416,1057.336
2025-07-18T01:50:55.217052,77,104.5,219.8,221.2,4.85,4.92,4.78,50.02,3246,506.825,1081.416,1057.336
2025-07-18T01:50:55.286996,78,104.5,219.8,221.2,4.85,4.92,4.78,50.02,3246,506.825,1081.416,1057.336
2025-07-18T01:50:55.349867,78,104.5,219.8,221.2,4.85,4.92,4.78,50.02,3246,506.825,1081.416,1057.336
2025-07-18T01:50:55.415244,79,104.5,219.8,221.2,4.85,4.92,4.78,50.02,3246,506.825,1081.416,1057.336
2025-07-18T01:50:55.515256,80,104.5,219.8,221.2,4.85,4.92,4.78,50.02,3246,506.825,1081.416,1057.336
2025-07-18T01:50:55.515666,81,104.5,219.8,221.2,4.85,4.92,4.78,50.02,3246,506.825,1081.416,1057.336
2025-07-18T01:50:55.585342,81,104.5,219.8,221.2,4.85,4.92,4.78,50.02,3246,506.825,1081.416,1057.336
2025-07-18T01:50:55.710213,82,104.5,219.8,221.2,4.85,4.92,4.78,50.02,3246,506.825,1081.416,1057.336
2025-07-18T01:50:55.710688,83,104.5,219.8,221.2,4.85,4.92,4.78,50.02,3246,506.825,1081.416,1057.336
2025-07-18T01:50:55.799906,82,104.5,219.8,221.2,4.85,4.92,4.78,50.02,3246,506.825,1081.416,1057.336
2025-07-18T01:50:55.800302,83,104.5,219.8,221.2,4.85,4.92,4.78,50.02,3246,506.825,1081.416,1057.336
2025-07-18T01:50:55.859885,83,104.5,219.8,221.2,4.85,4.92,4.78,50.02,3246,506.825,1081.416,1057.336
2025-07-18T01:50:55.946978,84,104.5,219.8,221.2,4.85,4.92,4.78,50.02,3246,506.825,1081.416,1057.336
2025-07-18T01:50:55.947168,85,104.5,219.8,221.2,4.85,4.92,4.78,50.02,3246,506.825,1081.416,1057.336
2025-07-18T01:50:56.012079,85,104.5,219.8,221.2,4.85,4.92,4.78,50.02,3246,506.825,1081.416,1057.336
2025-07-18T01:50:56.107130,86,104.5,219.8,221.2,4.85,4.92,4.78,50.02,3246,506.825,1081.416,1057.336
2025-07-18T01:50:56.107541,87,104.5,219.8,221.2,4.85,4.92,4.78,50.02,3246,506.825,1081.416,1057.336
2025-07-18T01:50:56.247047,87,104.5,219.8,221.2,4.85,4.92,4.78,50.02,3246,506.825,1081.416,1057.336
2025-07-18T01:50:56.317328,88,104.5,219.8,221.2,4.85,4.92,4.78,50.02,3246,506.825,1081.416,1057.336
2025-07-18T01:50:56.482118,88,104.5,219.8,221.2,4.85,4.92,4.78,50.02,3246,506.825,1081.416,1057.336
2025-07-18T01:50:56.577160,89,104.5,219.8,221.2,4.85,4.92,4.78,50.02,3246,506.825,1081.416,1057.336
2025-07-18T01:50:56.650301,90,104.5,219.8,221.2,4.85,4.92,4.78,50.02,3246,506.825,1081.416,1057.336
2025-07-18T01:50:56.650541,91,104.5,219.8,221.2,4.85,4.92,4.78,50.02,3246,506.825,1081.416,1057.336
2025-07-18T01:50:56.790128,92,104.5,219.8,221.2,4.85,4.92,4.78,50.02,3246,506.825,1081.416,1057.336
2025-07-18T01:50:56.790415,93,104.5,219.8,221.2,4.85,4.92,4.78,50.02,3246,506.825,1081.416,1057.336
2025-07-18T01:50:56.929980,93,104.5,219.8,221.2,4.85,4.92,4.78,50.02,3246,506.825,1081.416,1057.336
2025-07-18T01:50:57.085250,94,104.5,219.8,221.2,4.85,4.92,4.78,50.02,3246,506.825,1081.416,1057.336
2025-07-18T01:50:57.175146,95,104.5,219.8,221.2,4.85,4.92,4.78,50.02,3246,506.825,1081.416,1057.336
2025-07-18T01:50:57.175602,96,104.5,219.8,221.2,4.85,4.92,4.78,50.02,3246,506.825,1081.416,1057.336
2025-07-18T01:50:57.240124,96,104.5,219.8,221.2,4.85,4.92,4.78,50.02,3246,506.825,1081.416,1057.336
2025-07-18T01:50:57.307021,97,104.5,219.8,221.2,4.85,4.92,4.78,50.02,3246,506.825,1081.416,1057.336
2025-07-18T01:50:57.307190,98,104.5,219.8,221.2,4.85,4.92,4.78,50.02,3246,506.825,1081.416,1057.336
2025-07-18T01:50:57.444087,99,104.5,219.8,221.2,4.85,4.92,4.78,50.02,3246,506.825,1081.416,1057.336
2025-07-18T01:50:57.444291,100,104.5,219.8,221.2,4.85,4.92,4.78,50.02,3246,506.825,1081.416,1057.336
2025-07-18T01:50:57.615437,101,104.5,219.8,221.2,4.85,4.92,4.78,50.02,3246,506.825,1081.416,1057.336
2025-07-18T01:50:57.615867,102,104.5,219.8,221.2,4.85,4.92,4.78,50.02,3246,506.825,1081.416,1057.336
2025-07-18T01:50:57.787139,103,104.5,219.8,221.2,4.85,4.92,4.78,50.02,3246,506.825,1081.416,1057.336
2025-07-18T01:50:57.787307,104,104.5,219.8,221.2,4.85,4.92,4.78,50.02,3246,506.825,1081.416,1057.336
2025-07-18T01:50:57.961956,105,104.5,219.8,221.2,4.85,4.92,4.78,50.02,3246,506.825,1081.416,1057.336
2025-07-18T01:50:57.962399,106,104.5,219.8,221.2,4.85,4.92,4.78,50.02,3246,506.825,1081.416,1057.336
2025-07-18T01:50:58.026936,106,104.5,219.8,221.2,4.85,4.92,4.78,50.02,3246,506.825,1081.416,1057.336
2025-07-18T01:50:58.116925,106,104.5,219.8,221.2,4.85,4.92,4.78,50.02,3246,506.825,1081.416,1057.336
2025-07-18T01:50:58.286913,108,104.5,219.8,221.2,4.85,4.92,4.78,50.02,3246,506.825,1081.416,1057.336
2025-07-18T01:50:58.287070,109,104.5,219.8,221.2,4.85,4.92,4.78,50.02,3246,506.825,1081.416,1057.336
2025-07-18T01:50:58.356894,109,104.5,219.8,221.2,4.85,4.92,4.78,50.02,3246,506.825,1081.416,1057.336
2025-07-18T01:50:58.416798,109,104.5,219.8,221.2,4.85,4.92,4.78,50.02,3246,506.825,1081.416,1057.336
2025-07-18T01:50:58.579876,111,104.5,219.8,221.2,4.85,4.92,4.78,50.02,3246,506.825,1081.416,1057.336
2025-07-18T01:50:58.580264,112,104.5,219.8,221.2,4.85,4.92,4.78,50.02,3246,506.825,1081.416,1057.336
2025-07-18T01:50:58.735026,113,104.5,219.8,221.2,4.85,4.92,4.78,50.02,3246,506.825,1081.416,1057.336
2025-07-18T01:50:58.735546,114,104.5,219.8,221.2,4.85,4.92,4.78,50.02,3246,506.825,1081.416,1057.336
2025-07-18T01:50:58.899872,114,104.5,219.8,221.2,4.85,4.92,4.78,50.02,3246,506.825,1081.416,1057.336
2025-07-18T01:50:59.049857,115,104.5,219.8,221.2,4.85,4.92,4.78,50.02,3246,506.825,1081.416,1057.336
2025-07-18T01:50:59.141902,116,104.5,219.8,221.2,4.85,4.92,4.78,50.02,3246,506.825,1081.416,1057.336
2025-07-18T01:50:59.142283,117,104.5,219.8,221.2,4.85,4.92,4.78,50.02,3246,506.825,1081.416,1057.336
2025-07-18T01:50:59.214793,117,104.5,219.8,221.2,4.85,4.92,4.78,50.02,3246,506.825,1081.416,1057.336
2025-07-18T01:50:59.289920,117,104.5,219.8,221.2,4.85,4.92,4.78,50.02,3246,506.825,1081.416,1057.336
2025-07-18T01:50:59.349938,118,104.5,219.8,221.2,4.85,4.92,4.78,50.02,3246,506.825,1081.416,1057.336
2025-07-18T01:50:59.447021,118,104.5,219.8,221.2,4.85,4.92,4.78,50.02,3246,506.825,1081.416,1057.336
2025-07-18T01:50:59.514796,119,104.5,219.8,221.2,4.85,4.92,4.78,50.02,3246,506.825,1081.416,1057.336
2025-07-18T01:50:59.600063,120,104.5,219.8,221.2,4.85,4.92,4.78,50.02,3246,506.825,1081.416,1057.336
2025-07-18T01:50:59.600283,121,104.5,219.8,221.2,4.85,4.92,4.78,50.02,3246,506.825,1081.416,1057.336
2025-07-18T01:50:59.675092,121,104.5,219.8,221.2,4.85,4.92,4.78,50.02,3246,506.825,1081.416,1057.336
2025-07-18T01:50:59.756912,122,104.5,219.8,221.2,4.85,4.92,4.78,50.02,3246,506.825,1081.416,1057.336
2025-07-18T01:50:59.757049,123,104.5,219.8,221.2,4.85,4.92,4.78,50.02,3246,506.825,1081.416,1057.336
2025-07-18T01:50:59.923899,124,104.5,219.8,221.2,4.85,4.92,4.78,50.02,3246,506.825,1081.416,1057.336
2025-07-18T01:50:59.924063,125,104.5,219.8,221.2,4.85,4.92,4.78,50.02,3246,506.825,1081.416,1057.336
2025-07-18T01:51:00.076848,125,104.5,219.8,221.2,4.85,4.92,4.78,50.02,3246,506.825,1081.416,1057.336
2025-07-18T01:51:00.131974,126,104.5,219.8,221.2,4.85,4.92,4.78,50.02,3246,506.825,1081.416,1057.336
2025-07-18T01:51:00.132174,127,104.5,219.8,221.2,4.85,4.92,4.78,50.02,3246,506.825,1081.416,1057.336
2025-07-18T01:51:00.196956,127,104.5,219.8,221.2,4.85,4.92,4.78,50.02,3246,506.825,1081.416,1057.336
2025-07-18T01:51:00.317041,128,104.5,219.8,221.2,4.85,4.92,4.78,50.02,3246,506.825,1081.416,1057.336
2025-07-18T01:51:00.317562,129,104.5,219.8,221.2,4.85,4.92,4.78,50.02,3246,506.825,1081.416,1057.336
2025-07-18T01:51:00.386977,129,104.5,219.8,221.2,4.85,4.92,4.78,50.02,3246,506.825,1081.416,1057.336
2025-07-18T01:51:00.455377,130,104.5,219.8,221.2,4.85,4.92,4.78,50.02,3246,506.825,1081.416,1057.336
2025-07-18T01:51:00.455904,131,104.5,219.8,221.2,4.85,4.92,4.78,50.02,3246,506.825,1081.416,1057.336
2025-07-18T01:51:00.517472,131,104.5,219.8,221.2,4.85,4.92,4.78,50.02,3246,506.825,1081.416,1057.336
2025-07-18T01:51:00.635462,132,104.5,219.8,221.2,4.85,4.92,4.78,50.02,3246,506.825,1081.416,1057.336
2025-07-18T01:51:00.636094,133,104.5,219.8,221.2,4.85,4.92,4.78,50.02,3246,506.825,1081.416,1057.336
2025-07-18T01:51:00.715173,133,104.5,219.8,221.2,4.85,4.92,4.78,50.02,3246,506.825,1081.416,1057.336
2025-07-18T01:51:00.767682,134,104.5,219.8,221.2,4.85,4.92,4.78,50.02,3246,506.825,1081.416,1057.336
2025-07-18T01:51:00.768162,135,104.5,219.8,221.2,4.85,4.92,4.78,50.02,3246,506.825,1081.416,1057.336
2025-07-18T01:51:00.830066,135,104.5,219.8,221.2,4.85,4.92,4.78,50.02,3246,506.825,1081.416,1057.336
2025-07-18T01:51:00.907723,136,104.5,219.8,221.2,4.85,4.92,4.78,50.02,3246,506.825,1081.416,1057.336
2025-07-18T01:51:00.908174,137,104.5,219.8,221.2,4.85,4.92,4.78,50.02,3246,506.825,1081.416,1057.336
2025-07-18T01:51:01.045170,138,104.5,219.8,221.2,4.85,4.92,4.78,50.02,3246,506.825,1081.416,1057.336
2025-07-18T01:51:01.045325,139,104.5,219.8,221.2,4.85,4.92,4.78,50.02,3246,506.825,1081.416,1057.336
2025-07-18T01:51:01.115277,139,104.5,219.8,221.2,4.85,4.92,4.78,50.02,3246,506.825,1081.416,1057.336
2025-07-18T01:51:01.211987,139,104.5,219.8,221.2,4.85,4.92,4.78,50.02,3246,506.825,1081.416,1057.336
2025-07-18T01:51:01.372200,140,104.5,219.8,221.2,4.85,4.92,4.78,50.02,3246,506.825,1081.416,1057.336
2025-07-18T01:51:01.452011,141,104.5,219.8,221.2,4.85,4.92,4.78,50.02,3246,506.825,1081.416,1057.336
2025-07-18T01:51:01.545499,142,104.5,219.8,221.2,4.85,4.92,4.78,50.02,3246,506.825,1081.416,1057.336
2025-07-18T01:51:01.546203,143,104.5,219.8,221.2,4.85,4.92,4.78,50.02,3246,506.825,1081.416,1057.336
2025-07-18T01:51:01.620224,143,104.5,219.8,221.2,4.85,4.92,4.78,50.02,3246,506.825,1081.416,1057.336
2025-07-18T01:51:01.702096,144,104.5,219.8,221.2,4.85,4.92,4.78,50.02,3246,506.825,1081.416,1057.336
2025-07-18T01:51:01.702476,145,104.5,219.8,221.2,4.85,4.92,4.78,50.02,3246,506.825,1081.416,1057.336
2025-07-18T01:51:01.806998,145,104.5,219.8,221.2,4.85,4.92,4.78,50.02,3246,506.825,1081.416,1057.336
2025-07-18T01:51:01.861926,146,104.5,219.8,221.2,4.85,4.92,4.78,50.02,3246,506.825,1081.416,1057.336
2025-07-18T01:51:01.862073,147,104.5,219.8,221.2,4.85,4.92,4.78,50.02,3246,506.825,1081.416,1057.336
2025-07-18T01:51:01.942050,147,104.5,219.8,221.2,4.85,4.92,4.78,50.02,3246,506.825,1081.416,1057.336
2025-07-18T01:51:02.031742,148,104.5,219.8,221.2,4.85,4.92,4.78,50.02,3246,506.825,1081.416,1057.336
2025-07-18T01:51:02.032155,149,104.5,219.8,221.2,4.85,4.92,4.78,50.02,3246,506.825,1081.416,1057.336
2025-07-18T01:51:02.296725,150,104.5,219.8,221.2,4.85,4.92,4.78,50.02,3246,506.825,1081.416,1057.336
2025-07-18T01:51:02.297131,151,104.5,219.8,221.2,4.85,4.92,4.78,50.02,3246,506.825,1081.416,1057.336
2025-07-18T01:51:02.536847,151,104.5,219.8,221.2,4.85,4.92,4.78,50.02,3246,506.825,1081.416,1057.336
2025-07-18T01:51:02.584995,152,104.5,219.8,221.2,4.85,4.92,4.78,50.02,3246,506.825,1081.416,1057.336
2025-07-18T01:51:02.585419,153,104.5,219.8,221.2,4.85,4.92,4.78,50.02,3246,506.825,1081.416,1057.336
2025-07-18T01:51:02.650018,153,104.5,219.8,221.2,4.85,4.92,4.78,50.02,3246,506.825,1081.416,1057.336
2025-07-18T01:51:02.749936,154,104.5,219.8,221.2,4.85,4.92,4.78,50.02,3246,506.825,1081.416,1057.336
2025-07-18T01:51:02.750078,155,104.5,219.8,221.2,4.85,4.92,4.78,50.02,3246,506.825,1081.416,1057.336
2025-07-18T01:51:02.924887,155,104.5,219.8,221.2,4.85,4.92,4.78,50.02,3246,506.825,1081.416,1057.336
2025-07-18T01:51:03.015259,156,104.5,219.8,221.2,4.85,4.92,4.78,50.02,3246,506.825,1081.416,1057.336
2025-07-18T01:51:03.084870,156,104.5,219.8,221.2,4.85,4.92,4.78,50.02,3246,506.825,1081.416,1057.336
2025-07-18T01:51:03.145060,157,104.5,219.8,221.2,4.85,4.92,4.78,50.02,3246,506.825,1081.416,1057.336
2025-07-18T01:51:03.225331,158,104.5,219.8,221.2,4.85,4.92,4.78,50.02,3246,506.825,1081.416,1057.336
2025-07-18T01:51:03.225603,159,104.5,219.8,221.2,4.85,4.92,4.78,50.02,3246,506.825,1081.416,1057.336
2025-07-18T01:51:03.382726,159,104.5,219.8,221.2,4.85,4.92,4.78,50.02,3246,506.825,1081.416,1057.336
2025-07-18T01:51:03.524880,160,104.5,219.8,221.2,4.85,4.92,4.78,50.02,3246,506.825,1081.416,1057.336
2025-07-18T01:51:03.722743,162,104.5,219.8,221.2,4.85,4.92,4.78,50.02,3246,506.825,1081.416,1057.336
2025-07-18T01:51:03.723123,163,104.5,219.8,221.2,4.85,4.92,4.78,50.02,3246,506.825,1081.416,1057.336
2025-07-18T01:51:03.857299,164,104.5,219.8,221.2,4.85,4.92,4.78,50.02,3246,506.825,1081.416,1057.336
2025-07-18T01:51:03.857700,165,104.5,219.8,221.2,4.85,4.92,4.78,50.02,3246,506.825,1081.416,1057.336
2025-07-18T01:51:04.007170,165,104.5,219.8,221.2,4.85,4.92,4.78,50.02,3246,506.825,1081.416,1057.336
2025-07-18T01:51:04.165055,167,104.5,219.8,221.2,4.85,4.92,4.78,50.02,3246,506.825,1081.416,1057.336
2025-07-18T01:51:04.165261,168,104.5,219.8,221.2,4.85,4.92,4.78,50.02,3246,506.825,1081.416,1057.336
2025-07-18T01:51:04.311995,169,104.5,219.8,221.2,4.85,4.92,4.78,50.02,3246,506.825,1081.416,1057.336
2025-07-18T01:51:04.312410,170,104.5,219.8,221.2,4.85,4.92,4.78,50.02,3246,506.825,1081.416,1057.336
2025-07-18T01:51:04.376942,170,104.5,219.8,221.2,4.85,4.92,4.78,50.02,3246,506.825,1081.416,1057.336
2025-07-18T01:51:04.451888,171,104.5,219.8,221.2,4.85,4.92,4.78,50.02,3246,506.825,1081.416,1057.336
2025-07-18T01:51:04.452252,172,104.5,219.8,221.2,4.85,4.92,4.78,50.02,3246,506.825,1081.416,1057.336
2025-07-18T01:51:04.516925,172,104.5,219.8,221.2,4.85,4.92,4.78,50.02,3246,506.825,1081.416,1057.336
2025-07-18T01:51:04.597070,173,104.5,219.8,221.2,4.85,4.92,4.78,50.02,3246,506.825,1081.416,1057.336
2025-07-18T01:51:04.597369,174,104.5,219.8,221.2,4.85,4.92,4.78,50.02,3246,506.825,1081.416,1057.336
2025-07-18T01:51:04.802010,174,104.5,219.8,221.2,4.85,4.92,4.78,50.02,3246,506.825,1081.416,1057.336
2025-07-18T01:51:04.851796,174,104.5,219.8,221.2,4.85,4.92,4.78,50.02,3246,506.825,1081.416,1057.336
2025-07-18T01:51:05.005064,175,104.5,219.8,221.2,4.85,4.92,4.78,50.02,3246,506.825,1081.416,1057.336
2025-07-18T01:51:05.065102,176,104.5,219.8,221.2,4.85,4.92,4.78,50.02,3246,506.825,1081.416,1057.336
2025-07-18T01:51:05.169874,177,104.5,219.8,221.2,4.85,4.92,4.78,50.02,3246,506.825,1081.416,1057.336
2025-07-18T01:51:05.170239,178,104.5,219.8,221.2,4.85,4.92,4.78,50.02,3246,506.825,1081.416,1057.336
2025-07-18T01:51:05.319938,179,104.5,219.8,221.2,4.85,4.92,4.78,50.02,3246,506.825,1081.416,1057.336
2025-07-18T01:51:05.320148,180,104.5,219.8,221.2,4.85,4.92,4.78,50.02,3246,506.825,1081.416,1057.336
2025-07-18T01:51:05.490014,181,104.5,219.8,221.2,4.85,4.92,4.78,50.02,3246,506.825,1081.416,1057.336
2025-07-18T01:51:05.490420,182,104.5,219.8,221.2,4.85,4.92,4.78,50.02,3246,506.825,1081.416,1057.336
2025-07-18T01:51:05.550045,182,104.5,219.8,221.2,4.85,4.92,4.78,50.02,3246,506.825,1081.416,1057.336
2025-07-18T01:51:05.640006,183,104.5,219.8,221.2,4.85,4.92,4.78,50.02,3246,506.825,1081.416,1057.336
2025-07-18T01:51:05.640391,184,104.5,219.8,221.2,4.85,4.92,4.78,50.02,3246,506.825,1081.416,1057.336
2025-07-18T01:51:05.777588,185,104.5,219.8,221.2,4.85,4.92,4.78,50.02,3246,506.825,1081.416,1057.336
2025-07-18T01:51:05.777851,186,104.5,219.8,221.2,4.85,4.92,4.78,50.02,3246,506.825,1081.416,1057.336
2025-07-18T01:51:05.840163,186,104.5,219.8,221.2,4.85,4.92,4.78,50.02,3246,506.825,1081.416,1057.336
2025-07-18T01:51:05.920030,186,104.5,219.8,221.2,4.85,4.92,4.78,50.02,3246,506.825,1081.416,1057.336
2025-07-18T01:51:06.015138,187,104.5,219.8,221.2,4.85,4.92,4.78,50.02,3246,506.825,1081.416,1057.336
2025-07-18T01:51:06.080156,187,104.5,219.8,221.2,4.85,4.92,4.78,50.02,3246,506.825,1081.416,1057.336
2025-07-18T01:51:06.155122,188,104.5,219.8,221.2,4.85,4.92,4.78,50.02,3246,506.825,1081.416,1057.336
2025-07-18T01:51:06.227053,189,104.5,219.8,221.2,4.85,4.92,4.78,50.02,3246,506.825,1081.416,1057.336
2025-07-18T01:51:06.227608,190,104.5,219.8,221.2,4.85,4.92,4.78,50.02,3246,506.825,1081.416,1057.336
2025-07-18T01:51:06.412068,190,104.5,219.8,221.2,4.85,4.92,4.78,50.02,3246,506.825,1081.416,1057.336
2025-07-18T01:51:06.496761,191,104.5,219.8,221.2,4.85,4.92,4.78,50.02,3246,506.825,1081.416,1057.336
2025-07-18T01:51:06.496973,192,104.5,219.8,221.2,4.85,4.92,4.78,50.02,3246,506.825,1081.416,1057.336
2025-07-18T01:51:06.561913,192,104.5,219.8,221.2,4.85,4.92,4.78,50.02,3246,506.825,1081.416,1057.336
2025-07-18T01:51:06.654858,193,104.5,219.8,221.2,4.85,4.92,4.78,50.02,3246,506.825,1081.416,1057.336
2025-07-18T01:51:06.655076,194,104.5,219.8,221.2,4.85,4.92,4.78,50.02,3246,506.825,1081.416,1057.336
2025-07-18T01:51:06.720025,194,104.5,219.8,221.2,4.85,4.92,4.78,50.02,3246,506.825,1081.416,1057.336
2025-07-18T01:51:06.790092,195,104.5,219.8,221.2,4.85,4.92,4.78,50.02,3246,506.825,1081.416,1057.336
2025-07-18T01:51:06.790298,196,104.5,219.8,221.2,4.85,4.92,4.78,50.02,3246,506.825,1081.416,1057.336
2025-07-18T01:51:06.855087,196,104.5,219.8,221.2,4.85,4.92,4.78,50.02,3246,506.825,1081.416,1057.336
2025-07-18T01:51:07.067048,196,104.5,219.8,221.2,4.85,4.92,4.78,50.02,3246,506.825,1081.416,1057.336
2025-07-18T01:51:07.350116,198,104.5,219.8,221.2,4.85,4.92,4.78,50.02,3246,506.825,1081.416,1057.336
2025-07-18T01:51:07.350513,199,104.5,219.8,221.2,4.85,4.92,4.78,50.02,3246,506.825,1081.416,1057.336
2025-07-18T01:51:07.435127,199,104.5,219.8,221.2,4.85,4.92,4.78,50.02,3246,506.825,1081.416,1057.336
2025-07-18T01:51:07.515107,200,104.5,219.8,221.2,4.85,4.92,4.78,50.02,3246,506.825,1081.416,1057.336
2025-07-18T01:51:07.515249,201,104.5,219.8,221.2,4.85,4.92,4.78,50.02,3246,506.825,1081.416,1057.336
2025-07-18T01:51:07.650054,202,104.5,219.8,221.2,4.85,4.92,4.78,50.02,3246,506.825,1081.416,1057.336
2025-07-18T01:51:07.650504,203,104.5,219.8,221.2,4.85,4.92,4.78,50.02,3246,506.825,1081.416,1057.336
2025-07-18T01:51:07.811936,204,104.5,219.8,221.2,4.85,4.92,4.78,50.02,3246,506.825,1081.416,1057.336
2025-07-18T01:51:07.812140,205,104.5,219.8,221.2,4.85,4.92,4.78,50.02,3246,506.825,1081.416,1057.336
2025-07-18T01:51:07.986766,206,104.5,219.8,221.2,4.85,4.92,4.78,50.02,3246,506.825,1081.416,1057.336
2025-07-18T01:51:07.987153,207,104.5,219.8,221.2,4.85,4.92,4.78,50.02,3246,506.825,1081.416,1057.336
2025-07-18T01:51:08.052086,207,104.5,219.8,221.2,4.85,4.92,4.78,50.02,3246,506.825,1081.416,1057.336
2025-07-18T01:51:08.150251,208,104.5,219.8,221.2,4.85,4.92,4.78,50.02,3246,506.825,1081.416,1057.336
2025-07-18T01:51:08.150473,209,104.5,219.8,221.2,4.85,4.92,4.78,50.02,3246,506.825,1081.416,1057.336
2025-07-18T01:51:08.215285,209,104.5,219.8,221.2,4.85,4.92,4.78,50.02,3246,506.825,1081.416,1057.336
2025-07-18T01:51:08.296994,210,104.5,219.8,221.2,4.85,4.92,4.78,50.02,3246,506.825,1081.416,1057.336
2025-07-18T01:51:08.297457,211,104.5,219.8,221.2,4.85,4.92,4.78,50.02,3246,506.825,1081.416,1057.336
2025-07-18T01:51:08.467000,211,104.5,219.8,221.2,4.85,4.92,4.78,50.02,3246,506.825,1081.416,1057.336
2025-07-18T01:51:08.537183,212,104.5,219.8,221.2,4.85,4.92,4.78,50.02,3246,506.825,1081.416,1057.336
2025-07-18T01:51:08.647204,213,104.5,219.8,221.2,4.85,4.92,4.78,50.02,3246,506.825,1081.416,1057.336
2025-07-18T01:51:08.647398,214,104.5,219.8,221.2,4.85,4.92,4.78,50.02,3246,506.825,1081.416,1057.336
2025-07-18T01:51:08.722120,214,104.5,219.8,221.2,4.85,4.92,4.78,50.02,3246,506.825,1081.416,1057.336
2025-07-18T01:51:08.792012,215,104.5,219.8,221.2,4.85,4.92,4.78,50.02,3246,506.825,1081.416,1057.336
2025-07-18T01:51:08.792215,216,104.5,219.8,221.2,4.85,4.92,4.78,50.02,3246,506.825,1081.416,1057.336
2025-07-18T01:51:08.857120,216,104.5,219.8,221.2,4.85,4.92,4.78,50.02,3246,506.825,1081.416,1057.336
2025-07-18T01:51:08.930064,217,104.5,219.8,221.2,4.85,4.92,4.78,50.02,3246,506.825,1081.416,1057.336
2025-07-18T01:51:08.930463,218,104.5,219.8,221.2,4.85,4.92,4.78,50.02,3246,506.825,1081.416,1057.336
2025-07-18T01:51:09.065057,218,104.5,219.8,221.2,4.85,4.92,4.78,50.02,3246,506.825,1081.416,1057.336
2025-07-18T01:51:09.146926,218,104.5,219.8,221.2,4.85,4.92,4.78,50.02,3246,506.825,1081.416,1057.336
2025-07-18T01:51:09.305080,220,104.5,219.8,221.2,4.85,4.92,4.78,50.02,3246,506.825,1081.416,1057.336
2025-07-18T01:51:09.305259,221,104.5,219.8,221.2,4.85,4.92,4.78,50.02,3246,506.825,1081.416,1057.336
2025-07-18T01:51:09.370043,221,104.5,219.8,221.2,4.85,4.92,4.78,50.02,3246,506.825,1081.416,1057.336
2025-07-18T01:51:09.450151,222,104.5,219.8,221.2,4.85,4.92,4.78,50.02,3246,506.825,1081.416,1057.336
2025-07-18T01:51:09.450343,223,104.5,219.8,221.2,4.85,4.92,4.78,50.02,3246,506.825,1081.416,1057.336
2025-07-18T01:51:09.510091,223,104.5,219.8,221.2,4.85,4.92,4.78,50.02,3246,506.825,1081.416,1057.336
2025-07-18T01:51:09.617912,224,104.5,219.8,221.2,4.85,4.92,4.78,50.02,3246,506.825,1081.416,1057.336
2025-07-18T01:51:09.618245,225,104.5,219.8,221.2,4.85,4.92,4.78,50.02,3246,506.825,1081.416,1057.336
2025-07-18T01:51:09.790084,226,104.5,219.8,221.2,4.85,4.92,4.78,50.02,3246,506.825,1081.416,1057.336
2025-07-18T01:51:09.790252,227,104.5,219.8,221.2,4.85,4.92,4.78,50.02,3246,506.825,1081.416,1057.336
2025-07-18T01:51:10.000074,227,104.5,219.8,221.2,4.85,4.92,4.78,50.02,3246,506.825,1081.416,1057.336
2025-07-18T01:51:10.070365,228,104.5,219.8,221.2,4.85,4.92,4.78,50.02,3246,506.825,1081.416,1057.336
2025-07-18T01:51:10.070519,229,104.5,219.8,221.2,4.85,4.92,4.78,50.02,3246,506.825,1081.416,1057.336
2025-07-18T01:51:10.135168,229,104.5,219.8,221.2,4.85,4.92,4.78,50.02,3246,506.825,1081.416,1057.336
2025-07-18T01:51:10.212735,230,104.5,219.8,221.2,4.85,4.92,4.78,50.02,3246,506.825,1081.416,1057.336
2025-07-18T01:51:10.212904,231,104.5,219.8,221.2,4.85,4.92,4.78,50.02,3246,506.825,1081.416,1057.336
2025-07-18T01:51:10.360029,232,104.5,219.8,221.2,4.85,4.92,4.78,50.02,3246,506.825,1081.416,1057.336
2025-07-18T01:51:10.360220,233,104.5,219.8,221.2,4.85,4.92,4.78,50.02,3246,506.825,1081.416,1057.336
2025-07-18T01:51:10.695370,233,104.5,219.8,221.2,4.85,4.92,4.78,50.02,3246,506.825,1081.416,1057.336
2025-07-18T01:51:10.760244,234,104.5,219.8,221.2,4.85,4.92,4.78,50.02,3246,506.825,1081.416,1057.336
2025-07-18T01:51:10.852006,235,104.5,219.8,221.2,4.85,4.92,4.78,50.02,3246,506.825,1081.416,1057.336
2025-07-18T01:51:10.852194,236,104.5,219.8,221.2,4.85,4.92,4.78,50.02,3246,506.825,1081.416,1057.336
2025-07-18T01:51:10.917070,236,104.5,219.8,221.2,4.85,4.92,4.78,50.02,3246,506.825,1081.416,1057.336
2025-07-18T01:51:11.016926,237,104.5,219.8,221.2,4.85,4.92,4.78,50.02,3246,506.825,1081.416,1057.336
2025-07-18T01:51:11.017082,238,104.5,219.8,221.2,4.85,4.92,4.78,50.02,3246,506.825,1081.416,1057.336
2025-07-18T01:51:11.122080,238,104.5,219.8,221.2,4.85,4.92,4.78,50.02,3246,506.825,1081.416,1057.336
2025-07-18T01:51:11.190064,238,104.5,219.8,221.2,4.85,4.92,4.78,50.02,3246,506.825,1081.416,1057.336
2025-07-18T01:51:11.250108,239,104.5,219.8,221.2,4.85,4.92,4.78,50.02,3246,506.825,1081.416,1057.336
2025-07-18T01:51:11.335066,239,104.5,219.8,221.2,4.85,4.92,4.78,50.02,3246,506.825,1081.416,1057.336
2025-07-18T01:51:11.435090,240,104.5,219.8,221.2,4.85,4.92,4.78,50.02,3246,506.825,1081.416,1057.336
2025-07-18T01:51:11.520050,241,104.5,219.8,221.2,4.85,4.92,4.78,50.02,3246,506.825,1081.416,1057.336
2025-07-18T01:51:11.520215,242,104.5,219.8,221.2,4.85,4.92,4.78,50.02,3246,506.825,1081.416,1057.336
2025-07-18T01:51:11.599999,242,104.5,219.8,221.2,4.85,4.92,4.78,50.02,3246,506.825,1081.416,1057.336
2025-07-18T01:51:11.669892,243,104.5,219.8,221.2,4.85,4.92,4.78,50.02,3246,506.825,1081.416,1057.336
2025-07-18T01:51:11.670041,244,104.5,219.8,221.2,4.85,4.92,4.78,50.02,3246,506.825,1081.416,1057.336
2025-07-18T01:51:11.734790,244,104.5,219.8,221.2,4.85,4.92,4.78,50.02,3246,506.825,1081.416,1057.336
2025-07-18T01:51:11.817039,245,104.5,219.8,221.2,4.85,4.92,4.78,50.02,3246,506.825,1081.416,1057.336
2025-07-18T01:51:11.817507,246,104.5,219.8,221.2,4.85,4.92,4.78,50.02,3246,506.825,1081.416,1057.336
2025-07-18T01:51:11.916812,246,104.5,219.8,221.2,4.85,4.92,4.78,50.02,3246,506.825,1081.416,1057.336
2025-07-18T01:51:12.006787,247,104.5,219.8,221.2,4.85,4.92,4.78,50.02,3246,506.825,1081.416,1057.336
2025-07-18T01:51:12.006919,248,104.5,219.8,221.2,4.85,4.92,4.78,50.02,3246,506.825,1081.416,1057.336
2025-07-18T01:51:12.151925,249,104.5,219.8,221.2,4.85,4.92,4.78,50.02,3246,506.825,1081.416,1057.336
2025-07-18T01:51:12.152080,250,104.5,219.8,221.2,4.85,4.92,4.78,50.02,3246,506.825,1081.416,1057.336
2025-07-18T01:51:12.216882,250,104.5,219.8,221.2,4.85,4.92,4.78,50.02,3246,506.825,1081.416,1057.336
2025-07-18T01:51:12.316924,250,104.5,219.8,221.2,4.85,4.92,4.78,50.02,3246,506.825,1081.416,1057.336
2025-07-18T01:51:12.466444,252,104.5,219.8,221.2,4.85,4.92,4.78,50.02,3246,506.825,1081.416,1057.336
2025-07-18T01:51:12.466580,253,104.5,219.8,221.2,4.85,4.92,4.78,50.02,3246,506.825,1081.416,1057.336
2025-07-18T01:51:12.522040,253,104.5,219.8,221.2,4.85,4.92,4.78,50.02,3246,506.825,1081.416,1057.336
2025-07-18T01:51:12.609284,254,104.5,219.8,221.2,4.85,4.92,4.78,50.02,3246,506.825,1081.416,1057.336
2025-07-18T01:51:12.609424,255,104.5,219.8,221.2,4.85,4.92,4.78,50.02,3246,506.825,1081.416,1057.336
2025-07-18T01:51:12.739762,255,104.5,219.8,221.2,4.85,4.92,4.78,50.02,3246,506.825,1081.416,1057.336
2025-07-18T01:51:12.809809,256,104.5,219.8,221.2,4.85,4.92,4.78,50.02,3246,506.825,1081.416,1057.336
2025-07-18T01:51:12.905310,257,104.5,219.8,221.2,4.85,4.92,4.78,50.02,3246,506.825,1081.416,1057.336
2025-07-18T01:51:12.905478,258,104.5,219.8,221.2,4.85,4.92,4.78,50.02,3246,506.825,1081.416,1057.336
2025-07-18T01:51:13.096861,258,104.5,219.8,221.2,4.85,4.92,4.78,50.02,3246,506.825,1081.416,1057.336
2025-07-18T01:51:13.166552,259,104.5,219.8,221.2,4.85,4.92,4.78,50.02,3246,506.825,1081.416,1057.336
2025-07-18T01:51:13.266934,259,104.5,219.8,221.2,4.85,4.92,4.78,50.02,3246,506.825,1081.416,1057.336
2025-07-18T01:51:13.331995,260,104.5,219.8,221.2,4.85,4.92,4.78,50.02,3246,506.825,1081.416,1057.336
2025-07-18T01:51:13.402050,261,104.5,219.8,221.2,4.85,4.92,4.78,50.02,3246,506.825,1081.416,1057.336
2025-07-18T01:51:13.402478,262,104.5,219.8,221.2,4.85,4.92,4.78,50.02,3246,506.825,1081.416,1057.336
2025-07-18T01:51:13.562038,263,104.5,219.8,221.2,4.85,4.92,4.78,50.02,3246,506.825,1081.416,1057.336
2025-07-18T01:51:13.562258,264,104.5,219.8,221.2,4.85,4.92,4.78,50.02,3246,506.825,1081.416,1057.336
2025-07-18T01:51:13.711779,265,104.5,219.8,221.2,4.85,4.92,4.78,50.02,3246,506.825,1081.416,1057.336
2025-07-18T01:51:13.711979,266,104.5,219.8,221.2,4.85,4.92,4.78,50.02,3246,506.825,1081.416,1057.336
2025-07-18T01:51:13.786743,266,104.5,219.8,221.2,4.85,4.92,4.78,50.02,3246,506.825,1081.416,1057.336
2025-07-18T01:51:13.849111,266,104.5,219.8,221.2,4.85,4.92,4.78,50.02,3246,506.825,1081.416,1057.336
2025-07-18T01:51:13.911895,267,104.5,219.8,221.2,4.85,4.92,4.78,50.02,3246,506.825,1081.416,1057.336
2025-07-18T01:51:13.991976,268,104.5,219.8,221.2,4.85,4.92,4.78,50.02,3246,506.825,1081.416,1057.336
2025-07-18T01:51:13.992175,269,104.5,219.8,221.2,4.85,4.92,4.78,50.02,3246,506.825,1081.416,1057.336
2025-07-18T01:51:14.056943,269,104.5,219.8,221.2,4.85,4.92,4.78,50.02,3246,506.825,1081.416,1057.336
2025-07-18T01:51:14.169793,270,104.5,219.8,221.2,4.85,4.92,4.78,50.02,3246,506.825,1081.416,1057.336
2025-07-18T01:51:14.169935,271,104.5,219.8,221.2,4.85,4.92,4.78,50.02,3246,506.825,1081.416,1057.336
2025-07-18T01:51:14.315066,272,104.5,219.8,221.2,4.85,4.92,4.78,50.02,3246,506.825,1081.416,1057.336
2025-07-18T01:51:14.315300,273,104.5,219.8,221.2,4.85,4.92,4.78,50.02,3246,506.825,1081.416,1057.336
2025-07-18T01:51:14.409973,273,104.5,219.8,221.2,4.85,4.92,4.78,50.02,3246,506.825,1081.416,1057.336
2025-07-18T01:51:14.495302,274,104.5,219.8,221.2,4.85,4.92,4.78,50.02,3246,506.825,1081.416,1057.336
2025-07-18T01:51:14.495470,275,104.5,219.8,221.2,4.85,4.92,4.78,50.02,3246,506.825,1081.416,1057.336
2025-07-18T01:51:14.567302,275,104.5,219.8,221.2,4.85,4.92,4.78,50.02,3246,506.825,1081.416,1057.336
2025-07-18T01:51:14.644898,276,104.5,219.8,221.2,4.85,4.92,4.78,50.02,3246,506.825,1081.416,1057.336
2025-07-18T01:51:14.645041,277,104.5,219.8,221.2,4.85,4.92,4.78,50.02,3246,506.825,1081.416,1057.336
2025-07-18T01:51:14.807002,277,104.5,219.8,221.2,4.85,4.92,4.78,50.02,3246,506.825,1081.416,1057.336
2025-07-18T01:51:14.877102,278,104.5,219.8,221.2,4.85,4.92,4.78,50.02,3246,506.825,1081.416,1057.336
2025-07-18T01:51:14.974955,278,104.5,219.8,221.2,4.85,4.92,4.78,50.02,3246,506.825,1081.416,1057.336
2025-07-18T01:51:15.120087,279,104.5,219.8,221.2,4.85,4.92,4.78,50.02,3246,506.825,1081.416,1057.336
2025-07-18T01:51:15.175167,280,104.5,219.8,221.2,4.85,4.92,4.78,50.02,3246,506.825,1081.416,1057.336
2025-07-18T01:51:15.175661,281,104.5,219.8,221.2,4.85,4.92,4.78,50.02,3246,506.825,1081.416,1057.336
2025-07-18T01:51:15.250068,281,104.5,219.8,221.2,4.85,4.92,4.78,50.02,3246,506.825,1081.416,1057.336
2025-07-18T01:51:15.324943,282,104.5,219.8,221.2,4.85,4.92,4.78,50.02,3246,506.825,1081.416,1057.336
2025-07-18T01:51:15.325089,283,104.5,219.8,221.2,4.85,4.92,4.78,50.02,3246,506.825,1081.416,1057.336
2025-07-18T01:51:15.385808,283,104.5,219.8,221.2,4.85,4.92,4.78,50.02,3246,506.825,1081.416,1057.336
2025-07-18T01:51:15.462048,284,104.5,219.8,221.2,4.85,4.92,4.78,50.02,3246,506.825,1081.416,1057.336
2025-07-18T01:51:15.462192,285,104.5,219.8,221.2,4.85,4.92,4.78,50.02,3246,506.825,1081.416,1057.336
2025-07-18T01:51:15.535551,285,104.5,219.8,221.2,4.85,4.92,4.78,50.02,3246,506.825,1081.416,1057.336
2025-07-18T01:51:15.750190,286,104.5,219.8,221.2,4.85,4.92,4.78,50.02,3246,506.825,1081.416,1057.336
2025-07-18T01:51:15.750342,287,104.5,219.8,221.2,4.85,4.92,4.78,50.02,3246,506.825,1081.416,1057.336
2025-07-18T01:51:15.835139,287,104.5,219.8,221.2,4.85,4.92,4.78,50.02,3246,506.825,1081.416,1057.336
2025-07-18T01:51:15.909868,287,104.5,219.8,221.2,4.85,4.92,4.78,50.02,3246,506.825,1081.416,1057.336
2025-07-18T01:51:16.049937,289,104.5,219.8,221.2,4.85,4.92,4.78,50.02,3246,506.825,1081.416,1057.336
2025-07-18T01:51:16.050338,290,104.5,219.8,221.2,4.85,4.92,4.78,50.02,3246,506.825,1081.416,1057.336
2025-07-18T01:51:16.115168,290,104.5,219.8,221.2,4.85,4.92,4.78,50.02,3246,506.825,1081.416,1057.336
2025-07-18T01:51:16.235099,291,104.5,219.8,221.2,4.85,4.92,4.78,50.02,3246,506.825,1081.416,1057.336
2025-07-18T01:51:16.235285,292,104.5,219.8,221.2,4.85,4.92,4.78,50.02,3246,506.825,1081.416,1057.336
2025-07-18T01:51:16.299452,292,104.5,219.8,221.2,4.85,4.92,4.78,50.02,3246,506.825,1081.416,1057.336
2025-07-18T01:51:16.374958,293,104.5,219.8,221.2,4.85,4.92,4.78,50.02,3246,506.825,1081.416,1057.336
2025-07-18T01:51:16.375092,294,104.5,219.8,221.2,4.85,4.92,4.78,50.02,3246,506.825,1081.416,1057.336
2025-07-18T01:51:16.435078,294,104.5,219.8,221.2,4.85,4.92,4.78,50.02,3246,506.825,1081.416,1057.336
2025-07-18T01:51:16.522401,295,104.5,219.8,221.2,4.85,4.92,4.78,50.02,3246,506.825,1081.416,1057.336
2025-07-18T01:51:16.522573,296,104.5,219.8,221.2,4.85,4.92,4.78,50.02,3246,506.825,1081.416,1057.336
2025-07-18T01:51:16.657218,297,104.5,219.8,221.2,4.85,4.92,4.78,50.02,3246,506.825,1081.416,1057.336
2025-07-18T01:51:16.657384,298,104.5,219.8,221.2,4.85,4.92,4.78,50.02,3246,506.825,1081.416,1057.336
2025-07-18T01:51:16.809015,298,104.5,219.8,221.2,4.85,4.92,4.78,50.02,3246,506.825,1081.416,1057.336
2025-07-18T01:51:16.971821,299,104.5,219.8,221.2,4.85,4.92,4.78,50.02,3246,506.825,1081.416,1057.336
2025-07-18T01:51:17.034970,300,104.5,219.8,221.2,4.85,4.92,4.78,50.02,3246,506.825,1081.416,1057.336
2025-07-18T01:51:17.115096,301,104.5,219.8,221.2,4.85,4.92,4.78,50.02,3246,506.825,1081.416,1057.336
2025-07-18T01:51:17.115506,302,104.5,219.8,221.2,4.85,4.92,4.78,50.02,3246,506.825,1081.416,1057.336
2025-07-18T01:51:17.185317,302,104.5,219.8,221.2,4.85,4.92,4.78,50.02,3246,506.825,1081.416,1057.336
2025-07-18T01:51:17.257202,303,104.5,219.8,221.2,4.85,4.92,4.78,50.02,3246,506.825,1081.416,1057.336
2025-07-18T01:51:17.257339,304,104.5,219.8,221.2,4.85,4.92,4.78,50.02,3246,506.825,1081.416,1057.336
2025-07-18T01:51:17.318969,304,104.5,219.8,221.2,4.85,4.92,4.78,50.02,3246,506.825,1081.416,1057.336
2025-07-18T01:51:17.404888,304,104.5,219.8,221.2,4.85,4.92,4.78,50.02,3246,506.825,1081.416,1057.336
2025-07-18T01:51:17.566666,306,104.5,219.8,221.2,4.85,4.92,4.78,50.02,3246,506.825,1081.416,1057.336
2025-07-18T01:51:17.566834,307,104.5,219.8,221.2,4.85,4.92,4.78,50.02,3246,506.825,1081.416,1057.336
2025-07-18T01:51:17.722691,308,104.5,219.8,221.2,4.85,4.92,4.78,50.02,3246,506.825,1081.416,1057.336
2025-07-18T01:51:17.723436,309,104.5,219.8,221.2,4.85,4.92,4.78,50.02,3246,506.825,1081.416,1057.336
2025-07-18T01:51:17.789859,309,104.5,219.8,221.2,4.85,4.92,4.78,50.02,3246,506.825,1081.416,1057.336
2025-07-18T01:51:17.859998,309,104.5,219.8,221.2,4.85,4.92,4.78,50.02,3246,506.825,1081.416,1057.336
2025-07-18T01:51:17.929952,310,104.5,219.8,221.2,4.85,4.92,4.78,50.02,3246,506.825,1081.416,1057.336
2025-07-18T01:51:18.011923,311,104.5,219.8,221.2,4.85,4.92,4.78,50.02,3246,506.825,1081.416,1057.336
2025-07-18T01:51:18.012070,312,104.5,219.8,221.2,4.85,4.92,4.78,50.02,3246,506.825,1081.416,1057.336
2025-07-18T01:51:18.071941,312,104.5,219.8,221.2,4.85,4.92,4.78,50.02,3246,506.825,1081.416,1057.336
2025-07-18T01:51:18.169052,313,104.5,219.8,221.2,4.85,4.92,4.78,50.02,3246,506.825,1081.416,1057.336
2025-07-18T01:51:18.169274,314,104.5,219.8,221.2,4.85,4.92,4.78,50.02,3246,506.825,1081.416,1057.336
2025-07-18T01:51:18.397014,314,104.5,219.8,221.2,4.85,4.92,4.78,50.02,3246,506.825,1081.416,1057.336
2025-07-18T01:51:18.466977,315,104.5,219.8,221.2,4.85,4.92,4.78,50.02,3246,506.825,1081.416,1057.336
2025-07-18T01:51:18.535117,316,104.5,219.8,221.2,4.85,4.92,4.78,50.02,3246,506.825,1081.416,1057.336
2025-07-18T01:51:18.535376,317,104.5,219.8,221.2,4.85,4.92,4.78,50.02,3246,506.825,1081.416,1057.336
2025-07-18T01:51:18.719212,317,104.5,219.8,221.2,4.85,4.92,4.78,50.02,3246,506.825,1081.416,1057.336
2025-07-18T01:51:18.757191,318,104.5,219.8,221.2,4.85,4.92,4.78,50.02,3246,506.825,1081.416,1057.336
2025-07-18T01:51:18.757496,319,104.5,219.8,221.2,4.85,4.92,4.78,50.02,3246,506.825,1081.416,1057.336
2025-07-18T01:51:18.825217,319,104.5,219.8,221.2,4.85,4.92,4.78,50.02,3246,506.825,1081.416,1057.336
2025-07-18T01:51:18.905303,320,104.5,219.8,221.2,4.85,4.92,4.78,50.02,3246,506.825,1081.416,1057.336
2025-07-18T01:51:18.905516,321,104.5,219.8,221.2,4.85,4.92,4.78,50.02,3246,506.825,1081.416,1057.336
2025-07-18T01:51:19.050176,322,104.5,219.8,221.2,4.85,4.92,4.78,50.02,3246,506.825,1081.416,1057.336
2025-07-18T01:51:19.050319,323,104.5,219.8,221.2,4.85,4.92,4.78,50.02,3246,506.825,1081.416,1057.336
2025-07-18T01:51:19.110042,323,104.5,219.8,221.2,4.85,4.92,4.78,50.02,3246,506.825,1081.416,1057.336
2025-07-18T01:51:19.205221,323,104.5,219.8,221.2,4.85,4.92,4.78,50.02,3246,506.825,1081.416,1057.336
2025-07-18T01:51:19.350036,325,104.5,219.8,221.2,4.85,4.92,4.78,50.02,3246,506.825,1081.416,1057.336
2025-07-18T01:51:19.350174,326,104.5,219.8,221.2,4.85,4.92,4.78,50.02,3246,506.825,1081.416,1057.336
2025-07-18T01:51:19.515224,327,104.5,219.8,221.2,4.85,4.92,4.78,50.02,3246,506.825,1081.416,1057.336
2025-07-18T01:51:19.515386,328,104.5,219.8,221.2,4.85,4.92,4.78,50.02,3246,506.825,1081.416,1057.336
2025-07-18T01:51:19.575181,328,104.5,219.8,221.2,4.85,4.92,4.78,50.02,3246,506.825,1081.416,1057.336
2025-07-18T01:51:19.650011,329,104.5,219.8,221.2,4.85,4.92,4.78,50.02,3246,506.825,1081.416,1057.336
2025-07-18T01:51:19.650225,330,104.5,219.8,221.2,4.85,4.92,4.78,50.02,3246,506.825,1081.416,1057.336
2025-07-18T01:51:19.710154,330,104.5,219.8,221.2,4.85,4.92,4.78,50.02,3246,506.825,1081.416,1057.336
2025-07-18T01:51:19.805370,331,104.5,219.8,221.2,4.85,4.92,4.78,50.02,3246,506.825,1081.416,1057.336
2025-07-18T01:51:19.805568,332,104.5,219.8,221.2,4.85,4.92,4.78,50.02,3246,506.825,1081.416,1057.336
2025-07-18T01:51:19.867143,332,104.5,219.8,221.2,4.85,4.92,4.78,50.02,3246,506.825,1081.416,1057.336
2025-07-18T01:51:19.941906,332,104.5,219.8,221.2,4.85,4.92,4.78,50.02,3246,506.825,1081.416,1057.336
2025-07-18T01:51:20.211819,334,104.5,219.8,221.2,4.85,4.92,4.78,50.02,3246,506.825,1081.416,1057.336
2025-07-18T01:51:20.212173,335,104.5,219.8,221.2,4.85,4.92,4.78,50.02,3246,506.825,1081.416,1057.336
2025-07-18T01:51:20.384838,336,104.5,219.8,221.2,4.85,4.92,4.78,50.02,3246,506.825,1081.416,1057.336
2025-07-18T01:51:20.385306,337,104.5,219.8,221.2,4.85,4.92,4.78,50.02,3246,506.825,1081.416,1057.336
2025-07-18T01:51:20.445071,337,104.5,219.8,221.2,4.85,4.92,4.78,50.02,3246,506.825,1081.416,1057.336
2025-07-18T01:51:20.536835,338,104.5,219.8,221.2,4.85,4.92,4.78,50.02,3246,506.825,1081.416,1057.336
2025-07-18T01:51:20.537068,339,104.5,219.8,221.2,4.85,4.92,4.78,50.02,3246,506.825,1081.416,1057.336
2025-07-18T01:51:20.611962,339,104.5,219.8,221.2,4.85,4.92,4.78,50.02,3246,506.825,1081.416,1057.336
2025-07-18T01:51:20.842029,340,104.5,219.8,221.2,4.85,4.92,4.78,50.02,3246,506.825,1081.416,1057.336
2025-07-18T01:51:20.842232,341,104.5,219.8,221.2,4.85,4.92,4.78,50.02,3246,506.825,1081.416,1057.336
2025-07-18T01:51:21.007014,342,104.5,219.8,221.2,4.85,4.92,4.78,50.02,3246,506.825,1081.416,1057.336
2025-07-18T01:51:21.007216,343,104.5,219.8,221.2,4.85,4.92,4.78,50.02,3246,506.825,1081.416,1057.336
2025-07-18T01:51:21.077029,343,104.5,219.8,221.2,4.85,4.92,4.78,50.02,3246,506.825,1081.416,1057.336
2025-07-18T01:51:21.355184,345,104.5,219.8,221.2,4.85,4.92,4.78,50.02,3246,506.825,1081.416,1057.336
2025-07-18T01:51:21.355522,346,104.5,219.8,221.2,4.85,4.92,4.78,50.02,3246,506.825,1081.416,1057.336
2025-07-18T01:51:21.355692,347,104.5,219.8,221.2,4.85,4.92,4.78,50.02,3246,506.825,1081.416,1057.336
2025-07-18T01:51:21.495164,347,104.5,219.8,221.2,4.85,4.92,4.78,50.02,3246,506.825,1081.416,1057.336
2025-07-18T01:51:21.495380,348,104.5,219.8,221.2,4.85,4.92,4.78,50.02,3246,506.825,1081.416,1057.336
2025-07-18T01:51:21.555202,348,104.5,219.8,221.2,4.85,4.92,4.78,50.02,3246,506.825,1081.416,1057.336
2025-07-18T01:51:21.645234,349,104.5,219.8,221.2,4.85,4.92,4.78,50.02,3246,506.825,1081.416,1057.336
2025-07-18T01:51:21.645465,350,104.5,219.8,221.2,4.85,4.92,4.78,50.02,3246,506.825,1081.416,1057.336
2025-07-18T01:51:21.705072,350,104.5,219.8,221.2,4.85,4.92,4.78,50.02,3246,506.825,1081.416,1057.336
2025-07-18T01:51:21.780347,351,104.5,219.8,221.2,4.85,4.92,4.78,50.02,3246,506.825,1081.416,1057.336
2025-07-18T01:51:21.780555,352,104.5,219.8,221.2,4.85,4.92,4.78,50.02,3246,506.825,1081.416,1057.336
2025-07-18T01:51:21.855315,352,104.5,219.8,221.2,4.85,4.92,4.78,50.02,3246,506.825,1081.416,1057.336
2025-07-18T01:51:21.942454,353,104.5,219.8,221.2,4.85,4.92,4.78,50.02,3246,506.825,1081.416,1057.336
2025-07-18T01:51:21.942880,354,104.5,219.8,221.2,4.85,4.92,4.78,50.02,3246,506.825,1081.416,1057.336
2025-07-18T01:51:22.010314,354,104.5,219.8,221.2,4.85,4.92,4.78,50.02,3246,506.825,1081.416,1057.336
2025-07-18T01:51:22.086882,355,104.5,219.8,221.2,4.85,4.92,4.78,50.02,3246,506.825,1081.416,1057.336
2025-07-18T01:51:22.087288,356,104.5,219.8,221.2,4.85,4.92,4.78,50.02,3246,506.825,1081.416,1057.336
2025-07-18T01:51:22.161976,356,104.5,219.8,221.2,4.85,4.92,4.78,50.02,3246,506.825,1081.416,1057.336
2025-07-18T01:51:22.256998,357,104.5,219.8,221.2,4.85,4.92,4.78,50.02,3246,506.825,1081.416,1057.336
2025-07-18T01:51:22.257403,358,104.5,219.8,221.2,4.85,4.92,4.78,50.02,3246,506.825,1081.416,1057.336
2025-07-18T01:51:22.392102,359,104.5,219.8,221.2,4.85,4.92,4.78,50.02,3246,506.825,1081.416,1057.336
2025-07-18T01:51:22.392317,360,104.5,219.8,221.2,4.85,4.92,4.78,50.02,3246,506.825,1081.416,1057.336
2025-07-18T01:51:22.456947,360,104.5,219.8,221.2,4.85,4.92,4.78,50.02,3246,506.825,1081.416,1057.336
2025-07-18T01:51:22.552284,361,104.5,219.8,221.2,4.85,4.92,4.78,50.02,3246,506.825,1081.416,1057.336
2025-07-18T01:51:22.552622,362,104.5,219.8,221.2,4.85,4.92,4.78,50.02,3246,506.825,1081.416,1057.336
2025-07-18T01:51:22.617022,362,104.5,219.8,221.2,4.85,4.92,4.78,50.02,3246,506.825,1081.416,1057.336
2025-07-18T01:51:22.707180,363,104.5,219.8,221.2,4.85,4.92,4.78,50.02,3246,506.825,1081.416,1057.336
2025-07-18T01:51:22.707386,364,104.5,219.8,221.2,4.85,4.92,4.78,50.02,3246,506.825,1081.416,1057.336
2025-07-18T01:51:22.801764,364,104.5,219.8,221.2,4.85,4.92,4.78,50.02,3246,506.825,1081.416,1057.336
2025-07-18T01:51:22.865391,364,104.5,219.8,221.2,4.85,4.92,4.78,50.02,3246,506.825,1081.416,1057.336
2025-07-18T01:51:22.936942,365,104.5,219.8,221.2,4.85,4.92,4.78,50.02,3246,506.825,1081.416,1057.336
2025-07-18T01:51:23.006924,366,104.5,219.8,221.2,4.85,4.92,4.78,50.02,3246,506.825,1081.416,1057.336
2025-07-18T01:51:23.007308,367,104.5,219.8,221.2,4.85,4.92,4.78,50.02,3246,506.825,1081.416,1057.336
2025-07-18T01:51:23.096914,367,104.5,219.8,221.2,4.85,4.92,4.78,50.02,3246,506.825,1081.416,1057.336
2025-07-18T01:51:23.144874,367,104.5,219.8,221.2,4.85,4.92,4.78,50.02,3246,506.825,1081.416,1057.336
2025-07-18T01:51:23.219847,368,104.5,219.8,221.2,4.85,4.92,4.78,50.02,3246,506.825,1081.416,1057.336
2025-07-18T01:51:23.305280,369,104.5,219.8,221.2,4.85,4.92,4.78,50.02,3246,506.825,1081.416,1057.336
2025-07-18T01:51:23.305677,370,104.5,219.8,221.2,4.85,4.92,4.78,50.02,3246,506.825,1081.416,1057.336
2025-07-18T01:51:23.410131,370,104.5,219.8,221.2,4.85,4.92,4.78,50.02,3246,506.825,1081.416,1057.336
2025-07-18T01:51:23.457933,371,104.5,219.8,221.2,4.85,4.92,4.78,50.02,3246,506.825,1081.416,1057.336
2025-07-18T01:51:23.458066,372,104.5,219.8,221.2,4.85,4.92,4.78,50.02,3246,506.825,1081.416,1057.336
2025-07-18T01:51:23.690036,373,104.5,219.8,221.2,4.85,4.92,4.78,50.02,3246,506.825,1081.416,1057.336
2025-07-18T01:51:23.690222,374,104.5,219.8,221.2,4.85,4.92,4.78,50.02,3246,506.825,1081.416,1057.336
2025-07-18T01:51:23.760013,374,104.5,219.8,221.2,4.85,4.92,4.78,50.02,3246,506.825,1081.416,1057.336
2025-07-18T01:51:23.760202,375,104.5,219.8,221.2,4.85,4.92,4.78,50.02,3246,506.825,1081.416,1057.336
2025-07-18T01:51:23.760269,376,104.5,219.8,221.2,4.85,4.92,4.78,50.02,3246,506.825,1081.416,1057.336
2025-07-18T01:51:23.915199,375,104.5,219.8,221.2,4.85,4.92,4.78,50.02,3246,506.825,1081.416,1057.336
2025-07-18T01:51:24.017438,376,104.5,219.8,221.2,4.85,4.92,4.78,50.02,3246,506.825,1081.416,1057.336
2025-07-18T01:51:24.080346,376,104.5,219.8,221.2,4.85,4.92,4.78,50.02,3246,506.825,1081.416,1057.336
2025-07-18T01:51:24.163957,377,104.5,219.8,221.2,4.85,4.92,4.78,50.02,3246,506.825,1081.416,1057.336
2025-07-18T01:51:24.210096,377,104.5,219.8,221.2,4.85,4.92,4.78,50.02,3246,506.825,1081.416,1057.336
2025-07-18T01:51:24.315269,378,104.5,219.8,221.2,4.85,4.92,4.78,50.02,3246,506.825,1081.416,1057.336
2025-07-18T01:51:24.366909,378,104.5,219.8,221.2,4.85,4.92,4.78,50.02,3246,506.825,1081.416,1057.336
2025-07-18T01:51:24.430064,379,104.5,219.8,221.2,4.85,4.92,4.78,50.02,3246,506.825,1081.416,1057.336
2025-07-18T01:51:24.507529,379,104.5,219.8,221.2,4.85,4.92,4.78,50.02,3246,506.825,1081.416,1057.336
2025-07-18T01:51:24.615473,380,104.5,219.8,221.2,4.85,4.92,4.78,50.02,3246,506.825,1081.416,1057.336
2025-07-18T01:51:24.657198,380,104.5,219.8,221.2,4.85,4.92,4.78,50.02,3246,506.825,1081.416,1057.336
2025-07-18T01:51:24.730136,381,104.5,219.8,221.2,4.85,4.92,4.78,50.02,3246,506.825,1081.416,1057.336
2025-07-18T01:51:24.812086,382,104.5,219.8,221.2,4.85,4.92,4.78,50.02,3246,506.825,1081.416,1057.336
2025-07-18T01:51:24.812291,383,104.5,219.8,221.2,4.85,4.92,4.78,50.02,3246,506.825,1081.416,1057.336
2025-07-18T01:51:24.902096,383,104.5,219.8,221.2,4.85,4.92,4.78,50.02,3246,506.825,1081.416,1057.336
2025-07-18T01:51:24.951890,384,104.5,219.8,221.2,4.85,4.92,4.78,50.02,3246,506.825,1081.416,1057.336
2025-07-18T01:51:24.952119,385,104.5,219.8,221.2,4.85,4.92,4.78,50.02,3246,506.825,1081.416,1057.336
2025-07-18T01:51:25.024688,385,104.5,219.8,221.2,4.85,4.92,4.78,50.02,3246,506.825,1081.416,1057.336
2025-07-18T01:51:25.096980,385,104.5,219.8,221.2,4.85,4.92,4.78,50.02,3246,506.825,1081.416,1057.336
2025-07-18T01:51:25.162180,386,104.5,219.8,221.2,4.85,4.92,4.78,50.02,3246,506.825,1081.416,1057.336
2025-07-18T01:51:25.276778,387,104.5,219.8,221.2,4.85,4.92,4.78,50.02,3246,506.825,1081.416,1057.336
2025-07-18T01:51:25.276915,388,104.5,219.8,221.2,4.85,4.92,4.78,50.02,3246,506.825,1081.416,1057.336
2025-07-18T01:51:25.352269,388,104.5,219.8,221.2,4.85,4.92,4.78,50.02,3246,506.825,1081.416,1057.336
2025-07-18T01:51:25.415063,389,104.5,219.8,221.2,4.85,4.92,4.78,50.02,3246,506.825,1081.416,1057.336
2025-07-18T01:51:25.415423,390,104.5,219.8,221.2,4.85,4.92,4.78,50.02,3246,506.825,1081.416,1057.336
2025-07-18T01:51:25.514992,390,104.5,219.8,221.2,4.85,4.92,4.78,50.02,3246,506.825,1081.416,1057.336
2025-07-18T01:51:25.600283,391,104.5,219.8,221.2,4.85,4.92,4.78,50.02,3246,506.825,1081.416,1057.336
2025-07-18T01:51:25.600535,392,104.5,219.8,221.2,4.85,4.92,4.78,50.02,3246,506.825,1081.416,1057.336
2025-07-18T01:51:25.669102,392,104.5,219.8,221.2,4.85,4.92,4.78,50.02,3246,506.825,1081.416,1057.336
2025-07-18T01:51:25.854852,393,104.5,219.8,221.2,4.85,4.92,4.78,50.02,3246,506.825,1081.416,1057.336
2025-07-18T01:51:25.855005,394,104.5,219.8,221.2,4.85,4.92,4.78,50.02,3246,506.825,1081.416,1057.336
2025-07-18T01:51:25.926874,394,104.5,219.8,221.2,4.85,4.92,4.78,50.02,3246,506.825,1081.416,1057.336
2025-07-18T01:51:25.927046,395,104.5,219.8,221.2,4.85,4.92,4.78,50.02,3246,506.825,1081.416,1057.336
2025-07-18T01:51:25.927111,396,104.5,219.8,221.2,4.85,4.92,4.78,50.02,3246,506.825,1081.416,1057.336
2025-07-18T01:51:25.995034,395,104.5,219.8,221.2,4.85,4.92,4.78,50.02,3246,506.825,1081.416,1057.336
2025-07-18T01:51:26.075209,395,104.5,219.8,221.2,4.85,4.92,4.78,50.02,3246,506.825,1081.416,1057.336
2025-07-18T01:51:26.225165,397,104.5,219.8,221.2,4.85,4.92,4.78,50.02,3246,506.825,1081.416,1057.336
2025-07-18T01:51:26.225383,398,104.5,219.8,221.2,4.85,4.92,4.78,50.02,3246,506.825,1081.416,1057.336
2025-07-18T01:51:26.290395,398,104.5,219.8,221.2,4.85,4.92,4.78,50.02,3246,506.825,1081.416,1057.336
2025-07-18T01:51:26.362140,399,104.5,219.8,221.2,4.85,4.92,4.78,50.02,3246,506.825,1081.416,1057.336
2025-07-18T01:51:26.362346,400,104.5,219.8,221.2,4.85,4.92,4.78,50.02,3246,506.825,1081.416,1057.336
2025-07-18T01:51:26.430165,400,104.5,219.8,221.2,4.85,4.92,4.78,50.02,3246,506.825,1081.416,1057.336
2025-07-18T01:51:26.510072,401,104.5,219.8,221.2,4.85,4.92,4.78,50.02,3246,506.825,1081.416,1057.336
2025-07-18T01:51:26.510274,402,104.5,219.8,221.2,4.85,4.92,4.78,50.02,3246,506.825,1081.416,1057.336
2025-07-18T01:51:26.575229,402,104.5,219.8,221.2,4.85,4.92,4.78,50.02,3246,506.825,1081.416,1057.336
2025-07-18T01:51:26.651998,403,104.5,219.8,221.2,4.85,4.92,4.78,50.02,3246,506.825,1081.416,1057.336
2025-07-18T01:51:26.652151,404,104.5,219.8,221.2,4.85,4.92,4.78,50.02,3246,506.825,1081.416,1057.336
2025-07-18T01:51:26.797091,404,104.5,219.8,221.2,4.85,4.92,4.78,50.02,3246,506.825,1081.416,1057.336
2025-07-18T01:51:26.930141,405,104.5,219.8,221.2,4.85,4.92,4.78,50.02,3246,506.825,1081.416,1057.336
2025-07-18T01:51:27.105344,406,104.5,219.8,221.2,4.85,4.92,4.78,50.02,3246,506.825,1081.416,1057.336
2025-07-18T01:51:27.177520,407,104.5,219.8,221.2,4.85,4.92,4.78,50.02,3246,506.825,1081.416,1057.336
2025-07-18T01:51:27.177709,408,104.5,219.8,221.2,4.85,4.92,4.78,50.02,3246,506.825,1081.416,1057.336
2025-07-18T01:51:27.246958,408,104.5,219.8,221.2,4.85,4.92,4.78,50.02,3246,506.825,1081.416,1057.336
2025-07-18T01:51:27.331890,408,104.5,219.8,221.2,4.85,4.92,4.78,50.02,3246,506.825,1081.416,1057.336
2025-07-18T01:51:27.389975,409,104.5,219.8,221.2,4.85,4.92,4.78,50.02,3246,506.825,1081.416,1057.336
2025-07-18T01:51:27.464884,410,104.5,219.8,221.2,4.85,4.92,4.78,50.02,3246,506.825,1081.416,1057.336
2025-07-18T01:51:27.465301,411,104.5,219.8,221.2,4.85,4.92,4.78,50.02,3246,506.825,1081.416,1057.336
2025-07-18T01:51:27.607023,412,104.5,219.8,221.2,4.85,4.92,4.78,50.02,3246,506.825,1081.416,1057.336
2025-07-18T01:51:27.607196,413,104.5,219.8,221.2,4.85,4.92,4.78,50.02,3246,506.825,1081.416,1057.336
2025-07-18T01:51:27.750020,414,104.5,219.8,221.2,4.85,4.92,4.78,50.02,3246,506.825,1081.416,1057.336
2025-07-18T01:51:27.750223,415,104.5,219.8,221.2,4.85,4.92,4.78,50.02,3246,506.825,1081.416,1057.336
2025-07-18T01:51:27.814780,415,104.5,219.8,221.2,4.85,4.92,4.78,50.02,3246,506.825,1081.416,1057.336
2025-07-18T01:51:27.917190,416,104.5,219.8,221.2,4.85,4.92,4.78,50.02,3246,506.825,1081.416,1057.336
2025-07-18T01:51:27.917511,417,104.5,219.8,221.2,4.85,4.92,4.78,50.02,3246,506.825,1081.416,1057.336
2025-07-18T01:51:27.987060,417,104.5,219.8,221.2,4.85,4.92,4.78,50.02,3246,506.825,1081.416,1057.336
2025-07-18T01:51:28.066935,418,104.5,219.8,221.2,4.85,4.92,4.78,50.02,3246,506.825,1081.416,1057.336
2025-07-18T01:51:28.067082,419,104.5,219.8,221.2,4.85,4.92,4.78,50.02,3246,506.825,1081.416,1057.336
2025-07-18T01:51:28.131934,419,104.5,219.8,221.2,4.85,4.92,4.78,50.02,3246,506.825,1081.416,1057.336
2025-07-18T01:51:28.205044,419,104.5,219.8,221.2,4.85,4.92,4.78,50.02,3246,506.825,1081.416,1057.336
2025-07-18T01:51:28.270139,420,104.5,219.8,221.2,4.85,4.92,4.78,50.02,3246,506.825,1081.416,1057.336
2025-07-18T01:51:28.347002,421,104.5,219.8,221.2,4.85,4.92,4.78,50.02,3246,506.825,1081.416,1057.336
2025-07-18T01:51:28.347181,422,104.5,219.8,221.2,4.85,4.92,4.78,50.02,3246,506.825,1081.416,1057.336
2025-07-18T01:51:28.437051,422,104.5,219.8,221.2,4.85,4.92,4.78,50.02,3246,506.825,1081.416,1057.336
2025-07-18T01:51:28.536970,423,104.5,219.8,221.2,4.85,4.92,4.78,50.02,3246,506.825,1081.416,1057.336
2025-07-18T01:51:28.537423,424,104.5,219.8,221.2,4.85,4.92,4.78,50.02,3246,506.825,1081.416,1057.336
2025-07-18T01:51:28.613443,424,104.5,219.8,221.2,4.85,4.92,4.78,50.02,3246,506.825,1081.416,1057.336
2025-07-18T01:51:28.696955,425,104.5,219.8,221.2,4.85,4.92,4.78,50.02,3246,506.825,1081.416,1057.336
2025-07-18T01:51:28.697183,426,104.5,219.8,221.2,4.85,4.92,4.78,50.02,3246,506.825,1081.416,1057.336
2025-07-18T01:51:28.867191,426,104.5,219.8,221.2,4.85,4.92,4.78,50.02,3246,506.825,1081.416,1057.336
2025-07-18T01:51:28.936844,427,104.5,219.8,221.2,4.85,4.92,4.78,50.02,3246,506.825,1081.416,1057.336
2025-07-18T01:51:28.999869,427,104.5,219.8,221.2,4.85,4.92,4.78,50.02,3246,506.825,1081.416,1057.336
2025-07-18T01:51:29.160472,428,104.5,219.8,221.2,4.85,4.92,4.78,50.02,3246,506.825,1081.416,1057.336
2025-07-18T01:51:29.294811,430,104.5,219.8,221.2,4.85,4.92,4.78,50.02,3246,506.825,1081.416,1057.336
2025-07-18T01:51:29.295221,431,104.5,219.8,221.2,4.85,4.92,4.78,50.02,3246,506.825,1081.416,1057.336
2025-07-18T01:51:29.359862,431,104.5,219.8,221.2,4.85,4.92,4.78,50.02,3246,506.825,1081.416,1057.336
2025-07-18T01:51:29.449754,432,104.5,219.8,221.2,4.85,4.92,4.78,50.02,3246,506.825,1081.416,1057.336
2025-07-18T01:51:29.449945,433,104.5,219.8,221.2,4.85,4.92,4.78,50.02,3246,506.825,1081.416,1057.336
2025-07-18T01:51:29.515011,433,104.5,219.8,221.2,4.85,4.92,4.78,50.02,3246,506.825,1081.416,1057.336
2025-07-18T01:51:29.590160,434,104.5,219.8,221.2,4.85,4.92,4.78,50.02,3246,506.825,1081.416,1057.336
2025-07-18T01:51:29.590369,435,104.5,219.8,221.2,4.85,4.92,4.78,50.02,3246,506.825,1081.416,1057.336
2025-07-18T01:51:29.655079,435,104.5,219.8,221.2,4.85,4.92,4.78,50.02,3246,506.825,1081.416,1057.336
2025-07-18T01:51:29.755235,436,104.5,219.8,221.2,4.85,4.92,4.78,50.02,3246,506.825,1081.416,1057.336
2025-07-18T01:51:29.755399,437,104.5,219.8,221.2,4.85,4.92,4.78,50.02,3246,506.825,1081.416,1057.336
2025-07-18T01:51:29.835361,437,104.5,219.8,221.2,4.85,4.92,4.78,50.02,3246,506.825,1081.416,1057.336
2025-07-18T01:51:29.922671,437,104.5,219.8,221.2,4.85,4.92,4.78,50.02,3246,506.825,1081.416,1057.336
2025-07-18T01:51:30.006151,438,104.5,219.8,221.2,4.85,4.92,4.78,50.02,3246,506.825,1081.416,1057.336
2025-07-18T01:51:30.070224,439,104.5,219.8,221.2,4.85,4.92,4.78,50.02,3246,506.825,1081.416,1057.336
2025-07-18T01:51:30.070658,440,104.5,219.8,221.2,4.85,4.92,4.78,50.02,3246,506.825,1081.416,1057.336
2025-07-18T01:51:30.211870,441,104.5,219.8,221.2,4.85,4.92,4.78,50.02,3246,506.825,1081.416,1057.336
2025-07-18T01:51:30.212073,442,104.5,219.8,221.2,4.85,4.92,4.78,50.02,3246,506.825,1081.416,1057.336
2025-07-18T01:51:30.274967,442,104.5,219.8,221.2,4.85,4.92,4.78,50.02,3246,506.825,1081.416,1057.336
2025-07-18T01:51:30.368779,442,104.5,219.8,221.2,4.85,4.92,4.78,50.02,3246,506.825,1081.416,1057.336
2025-07-18T01:51:30.431801,443,104.5,219.8,221.2,4.85,4.92,4.78,50.02,3246,506.825,1081.416,1057.336
2025-07-18T01:51:30.507048,443,104.5,219.8,221.2,4.85,4.92,4.78,50.02,3246,506.825,1081.416,1057.336
2025-07-18T01:51:30.589976,444,104.5,219.8,221.2,4.85,4.92,4.78,50.02,3246,506.825,1081.416,1057.336
2025-07-18T01:51:30.641923,444,104.5,219.8,221.2,4.85,4.92,4.78,50.02,3246,506.825,1081.416,1057.336
2025-07-18T01:51:30.795949,445,104.5,219.8,221.2,4.85,4.92,4.78,50.02,3246,506.825,1081.416,1057.336
2025-07-18T01:51:30.852052,446,104.5,219.8,221.2,4.85,4.92,4.78,50.02,3246,506.825,1081.416,1057.336
2025-07-18T01:51:30.959944,446,104.5,219.8,221.2,4.85,4.92,4.78,50.02,3246,506.825,1081.416,1057.336
2025-07-18T01:51:31.051434,447,104.5,219.8,221.2,4.85,4.92,4.78,50.02,3246,506.825,1081.416,1057.336
2025-07-18T01:51:31.087130,448,104.5,219.8,221.2,4.85,4.92,4.78,50.02,3246,506.825,1081.416,1057.336
2025-07-18T01:51:31.087319,449,104.5,219.8,221.2,4.85,4.92,4.78,50.02,3246,506.825,1081.416,1057.336
2025-07-18T01:51:31.154955,449,104.5,219.8,221.2,4.85,4.92,4.78,50.02,3246,506.825,1081.416,1057.336
2025-07-18T01:51:31.240111,450,104.5,219.8,221.2,4.85,4.92,4.78,50.02,3246,506.825,1081.416,1057.336
2025-07-18T01:51:31.240279,451,104.5,219.8,221.2,4.85,4.92,4.78,50.02,3246,506.825,1081.416,1057.336
2025-07-18T01:51:31.305018,451,104.5,219.8,221.2,4.85,4.92,4.78,50.02,3246,506.825,1081.416,1057.336
2025-07-18T01:51:31.529214,452,104.5,219.8,221.2,4.85,4.92,4.78,50.02,3246,506.825,1081.416,1057.336
2025-07-18T01:51:31.529424,453,104.5,219.8,221.2,4.85,4.92,4.78,50.02,3246,506.825,1081.416,1057.336
2025-07-18T01:51:31.598868,453,104.5,219.8,221.2,4.85,4.92,4.78,50.02,3246,506.825,1081.416,1057.336
2025-07-18T01:51:31.672270,453,104.5,219.8,221.2,4.85,4.92,4.78,50.02,3246,506.825,1081.416,1057.336
2025-07-18T01:51:31.747156,454,104.5,219.8,221.2,4.85,4.92,4.78,50.02,3246,506.825,1081.416,1057.336
2025-07-18T01:51:31.817290,455,104.5,219.8,221.2,4.85,4.92,4.78,50.02,3246,506.825,1081.416,1057.336
2025-07-18T01:51:31.817490,456,104.5,219.8,221.2,4.85,4.92,4.78,50.02,3246,506.825,1081.416,1057.336
2025-07-18T01:51:31.882248,456,104.5,219.8,221.2,4.85,4.92,4.78,50.02,3246,506.825,1081.416,1057.336
2025-07-18T01:51:31.967172,457,104.5,219.8,221.2,4.85,4.92,4.78,50.02,3246,506.825,1081.416,1057.336
2025-07-18T01:51:31.967314,458,104.5,219.8,221.2,4.85,4.92,4.78,50.02,3246,506.825,1081.416,1057.336
2025-07-18T01:51:32.032019,458,104.5,219.8,221.2,4.85,4.92,4.78,50.02,3246,506.825,1081.416,1057.336
2025-07-18T01:51:32.117047,459,104.5,219.8,221.2,4.85,4.92,4.78,50.02,3246,506.825,1081.416,1057.336
2025-07-18T01:51:32.117268,460,104.5,219.8,221.2,4.85,4.92,4.78,50.02,3246,506.825,1081.416,1057.336
2025-07-18T01:51:32.191927,460,104.5,219.8,221.2,4.85,4.92,4.78,50.02,3246,506.825,1081.416,1057.336
2025-07-18T01:51:32.256962,461,104.5,219.8,221.2,4.85,4.92,4.78,50.02,3246,506.825,1081.416,1057.336
2025-07-18T01:51:32.257413,462,104.5,219.8,221.2,4.85,4.92,4.78,50.02,3246,506.825,1081.416,1057.336
2025-07-18T01:51:32.331964,462,104.5,219.8,221.2,4.85,4.92,4.78,50.02,3246,506.825,1081.416,1057.336
2025-07-18T01:51:32.412126,462,104.5,219.8,221.2,4.85,4.92,4.78,50.02,3246,506.825,1081.416,1057.336
2025-07-18T01:51:32.554732,464,104.5,219.8,221.2,4.85,4.92,4.78,50.02,3246,506.825,1081.416,1057.336
2025-07-18T01:51:32.554890,465,104.5,219.8,221.2,4.85,4.92,4.78,50.02,3246,506.825,1081.416,1057.336
2025-07-18T01:51:32.634868,465,104.5,219.8,221.2,4.85,4.92,4.78,50.02,3246,506.825,1081.416,1057.336
2025-07-18T01:51:32.692473,466,104.5,219.8,221.2,4.85,4.92,4.78,50.02,3246,506.825,1081.416,1057.336
2025-07-18T01:51:32.692864,467,104.5,219.8,221.2,4.85,4.92,4.78,50.02,3246,506.825,1081.416,1057.336
2025-07-18T01:51:32.845048,468,104.5,219.8,221.2,4.85,4.92,4.78,50.02,3246,506.825,1081.416,1057.336
2025-07-18T01:51:32.845299,469,104.5,219.8,221.2,4.85,4.92,4.78,50.02,3246,506.825,1081.416,1057.336
2025-07-18T01:51:32.904958,469,104.5,219.8,221.2,4.85,4.92,4.78,50.02,3246,506.825,1081.416,1057.336
2025-07-18T01:51:32.984967,470,104.5,219.8,221.2,4.85,4.92,4.78,50.02,3246,506.825,1081.416,1057.336
2025-07-18T01:51:32.985126,471,104.5,219.8,221.2,4.85,4.92,4.78,50.02,3246,506.825,1081.416,1057.336
2025-07-18T01:51:33.129851,472,104.5,219.8,221.2,4.85,4.92,4.78,50.02,3246,506.825,1081.416,1057.336
2025-07-18T01:51:33.129993,473,104.5,219.8,221.2,4.85,4.92,4.78,50.02,3246,506.825,1081.416,1057.336
2025-07-18T01:51:33.194819,473,104.5,219.8,221.2,4.85,4.92,4.78,50.02,3246,506.825,1081.416,1057.336
2025-07-18T01:51:33.280196,474,104.5,219.8,221.2,4.85,4.92,4.78,50.02,3246,506.825,1081.416,1057.336
2025-07-18T01:51:33.280377,475,104.5,219.8,221.2,4.85,4.92,4.78,50.02,3246,506.825,1081.416,1057.336
2025-07-18T01:51:33.430316,475,104.5,219.8,221.2,4.85,4.92,4.78,50.02,3246,506.825,1081.416,1057.336
2025-07-18T01:51:33.587102,476,104.5,219.8,221.2,4.85,4.92,4.78,50.02,3246,506.825,1081.416,1057.336
2025-07-18T01:51:33.652010,477,104.5,219.8,221.2,4.85,4.92,4.78,50.02,3246,506.825,1081.416,1057.336
2025-07-18T01:51:33.726792,477,104.5,219.8,221.2,4.85,4.92,4.78,50.02,3246,506.825,1081.416,1057.336
2025-07-18T01:51:33.871729,479,104.5,219.8,221.2,4.85,4.92,4.78,50.02,3246,506.825,1081.416,1057.336
2025-07-18T01:51:33.871923,480,104.5,219.8,221.2,4.85,4.92,4.78,50.02,3246,506.825,1081.416,1057.336
2025-07-18T01:51:33.936928,480,104.5,219.8,221.2,4.85,4.92,4.78,50.02,3246,506.825,1081.416,1057.336
2025-07-18T01:51:34.022043,481,104.5,219.8,221.2,4.85,4.92,4.78,50.02,3246,506.825,1081.416,1057.336
2025-07-18T01:51:34.022204,482,104.5,219.8,221.2,4.85,4.92,4.78,50.02,3246,506.825,1081.416,1057.336
2025-07-18T01:51:34.097204,482,104.5,219.8,221.2,4.85,4.92,4.78,50.02,3246,506.825,1081.416,1057.336
2025-07-18T01:51:34.170026,483,104.5,219.8,221.2,4.85,4.92,4.78,50.02,3246,506.825,1081.416,1057.336
2025-07-18T01:51:34.170440,484,104.5,219.8,221.2,4.85,4.92,4.78,50.02,3246,506.825,1081.416,1057.336
2025-07-18T01:51:34.230063,484,104.5,219.8,221.2,4.85,4.92,4.78,50.02,3246,506.825,1081.416,1057.336
2025-07-18T01:51:34.310364,484,104.5,219.8,221.2,4.85,4.92,4.78,50.02,3246,506.825,1081.416,1057.336
2025-07-18T01:51:34.375008,485,104.5,219.8,221.2,4.85,4.92,4.78,50.02,3246,506.825,1081.416,1057.336
2025-07-18T01:51:34.452098,486,104.5,219.8,221.2,4.85,4.92,4.78,50.02,3246,506.825,1081.416,1057.336
2025-07-18T01:51:34.452621,487,104.5,219.8,221.2,4.85,4.92,4.78,50.02,3246,506.825,1081.416,1057.336
2025-07-18T01:51:34.515051,487,104.5,219.8,221.2,4.85,4.92,4.78,50.02,3246,506.825,1081.416,1057.336
2025-07-18T01:51:34.602166,487,104.5,219.8,221.2,4.85,4.92,4.78,50.02,3246,506.825,1081.416,1057.336
2025-07-18T01:51:34.670082,488,104.5,219.8,221.2,4.85,4.92,4.78,50.02,3246,506.825,1081.416,1057.336
2025-07-18T01:51:34.751972,489,104.5,219.8,221.2,4.85,4.92,4.78,50.02,3246,506.825,1081.416,1057.336
2025-07-18T01:51:34.752181,490,104.5,219.8,221.2,4.85,4.92,4.78,50.02,3246,506.825,1081.416,1057.336
2025-07-18T01:51:34.900123,491,104.5,219.8,221.2,4.85,4.92,4.78,50.02,3246,506.825,1081.416,1057.336
2025-07-18T01:51:34.900333,492,104.5,219.8,221.2,4.85,4.92,4.78,50.02,3246,506.825,1081.416,1057.336
2025-07-18T01:51:34.970256,492,104.5,219.8,221.2,4.85,4.92,4.78,50.02,3246,506.825,1081.416,1057.336
2025-07-18T01:51:35.046928,493,104.5,219.8,221.2,4.85,4.92,4.78,50.02,3246,506.825,1081.416,1057.336
2025-07-18T01:51:35.047159,494,104.5,219.8,221.2,4.85,4.92,4.78,50.02,3246,506.825,1081.416,1057.336
2025-07-18T01:51:35.221286,494,104.5,219.8,221.2,4.85,4.92,4.78,50.02,3246,506.825,1081.416,1057.336
2025-07-18T01:51:35.304730,495,104.5,219.8,221.2,4.85,4.92,4.78,50.02,3246,506.825,1081.416,1057.336
2025-07-18T01:51:35.370134,496,104.5,219.8,221.2,4.85,4.92,4.78,50.02,3246,506.825,1081.416,1057.336
2025-07-18T01:51:35.370327,497,104.5,219.8,221.2,4.85,4.92,4.78,50.02,3246,506.825,1081.416,1057.336
2025-07-18T01:51:35.542109,497,104.5,219.8,221.2,4.85,4.92,4.78,50.02,3246,506.825,1081.416,1057.336
2025-07-18T01:51:35.699965,499,104.5,219.8,221.2,4.85,4.92,4.78,50.02,3246,506.825,1081.416,1057.336
2025-07-18T01:51:35.700169,500,104.5,219.8,221.2,4.85,4.92,4.78,50.02,3246,506.825,1081.416,1057.336
2025-07-18T01:51:35.770110,500,104.5,219.8,221.2,4.85,4.92,4.78,50.02,3246,506.825,1081.416,1057.336
2025-07-18T01:51:35.847047,501,104.5,219.8,221.2,4.85,4.92,4.78,50.02,3246,506.825,1081.416,1057.336
2025-07-18T01:51:35.847234,502,104.5,219.8,221.2,4.85,4.92,4.78,50.02,3246,506.825,1081.416,1057.336
2025-07-18T01:51:35.920013,502,104.5,219.8,221.2,4.85,4.92,4.78,50.02,3246,506.825,1081.416,1057.336
2025-07-18T01:51:35.989799,503,104.5,219.8,221.2,4.85,4.92,4.78,50.02,3246,506.825,1081.416,1057.336
2025-07-18T01:51:35.989959,504,104.5,219.8,221.2,4.85,4.92,4.78,50.02,3246,506.825,1081.416,1057.336
2025-07-18T01:51:36.049812,504,104.5,219.8,221.2,4.85,4.92,4.78,50.02,3246,506.825,1081.416,1057.336
2025-07-18T01:51:36.151968,504,104.5,219.8,221.2,4.85,4.92,4.78,50.02,3246,506.825,1081.416,1057.336
2025-07-18T01:51:36.217049,505,104.5,219.8,221.2,4.85,4.92,4.78,50.02,3246,506.825,1081.416,1057.336
2025-07-18T01:51:36.305062,506,104.5,219.8,221.2,4.85,4.92,4.78,50.02,3246,506.825,1081.416,1057.336
2025-07-18T01:51:36.305324,507,104.5,219.8,221.2,4.85,4.92,4.78,50.02,3246,506.825,1081.416,1057.336
2025-07-18T01:51:36.365243,507,104.5,219.8,221.2,4.85,4.92,4.78,50.02,3246,506.825,1081.416,1057.336
2025-07-18T01:51:36.449955,507,104.5,219.8,221.2,4.85,4.92,4.78,50.02,3246,506.825,1081.416,1057.336
2025-07-18T01:51:36.514939,508,104.5,219.8,221.2,4.85,4.92,4.78,50.02,3246,506.825,1081.416,1057.336
2025-07-18T01:51:36.609802,509,104.5,219.8,221.2,4.85,4.92,4.78,50.02,3246,506.825,1081.416,1057.336
2025-07-18T01:51:36.609940,510,104.5,219.8,221.2,4.85,4.92,4.78,50.02,3246,506.825,1081.416,1057.336
2025-07-18T01:51:36.741991,510,104.5,219.8,221.2,4.85,4.92,4.78,50.02,3246,506.825,1081.416,1057.336
2025-07-18T01:51:36.809873,511,104.5,219.8,221.2,4.85,4.92,4.78,50.02,3246,506.825,1081.416,1057.336
2025-07-18T01:51:36.884910,511,104.5,219.8,221.2,4.85,4.92,4.78,50.02,3246,506.825,1081.416,1057.336
2025-07-18T01:51:37.030012,512,104.5,219.8,221.2,4.85,4.92,4.78,50.02,3246,506.825,1081.416,1057.336
2025-07-18T01:51:37.090119,513,104.5,219.8,221.2,4.85,4.92,4.78,50.02,3246,506.825,1081.416,1057.336
2025-07-18T01:51:37.176978,514,104.5,219.8,221.2,4.85,4.92,4.78,50.02,3246,506.825,1081.416,1057.336
2025-07-18T01:51:37.177218,515,104.5,219.8,221.2,4.85,4.92,4.78,50.02,3246,506.825,1081.416,1057.336
2025-07-18T01:51:37.427112,516,104.5,219.8,221.2,4.85,4.92,4.78,50.02,3246,506.825,1081.416,1057.336
2025-07-18T01:51:37.427571,517,104.5,219.8,221.2,4.85,4.92,4.78,50.02,3246,506.825,1081.416,1057.336
2025-07-18T01:51:37.561949,518,104.5,219.8,221.2,4.85,4.92,4.78,50.02,3246,506.825,1081.416,1057.336
2025-07-18T01:51:37.562624,519,104.5,219.8,221.2,4.85,4.92,4.78,50.02,3246,506.825,1081.416,1057.336
2025-07-18T01:51:37.625002,519,104.5,219.8,221.2,4.85,4.92,4.78,50.02,3246,506.825,1081.416,1057.336
2025-07-18T01:51:37.705254,520,104.5,219.8,221.2,4.85,4.92,4.78,50.02,3246,506.825,1081.416,1057.336
2025-07-18T01:51:37.705952,521,104.5,219.8,221.2,4.85,4.92,4.78,50.02,3246,506.825,1081.416,1057.336
2025-07-18T01:51:37.780070,521,104.5,219.8,221.2,4.85,4.92,4.78,50.02,3246,506.825,1081.416,1057.336
2025-07-18T01:51:37.849981,522,104.5,219.8,221.2,4.85,4.92,4.78,50.02,3246,506.825,1081.416,1057.336
2025-07-18T01:51:37.850386,523,104.5,219.8,221.2,4.85,4.92,4.78,50.02,3246,506.825,1081.416,1057.336
2025-07-18T01:51:37.910080,523,104.5,219.8,221.2,4.85,4.92,4.78,50.02,3246,506.825,1081.416,1057.336
2025-07-18T01:51:38.000011,524,104.5,219.8,221.2,4.85,4.92,4.78,50.02,3246,506.825,1081.416,1057.336
2025-07-18T01:51:38.000197,525,104.5,219.8,221.2,4.85,4.92,4.78,50.02,3246,506.825,1081.416,1057.336
2025-07-18T01:51:38.075144,525,104.5,219.8,221.2,4.85,4.92,4.78,50.02,3246,506.825,1081.416,1057.336
2025-07-18T01:51:38.126940,526,104.5,219.8,221.2,4.85,4.92,4.78,50.02,3246,506.825,1081.416,1057.336
2025-07-18T01:51:38.127130,527,104.5,219.8,221.2,4.85,4.92,4.78,50.02,3246,506.825,1081.416,1057.336
2025-07-18T01:51:38.290132,527,104.5,219.8,221.2,4.85,4.92,4.78,50.02,3246,506.825,1081.416,1057.336
2025-07-18T01:51:38.359995,528,104.5,219.8,221.2,4.85,4.92,4.78,50.02,3246,506.825,1081.416,1057.336
2025-07-18T01:51:38.449963,528,104.5,219.8,221.2,4.85,4.92,4.78,50.02,3246,506.825,1081.416,1057.336
2025-07-18T01:51:38.510083,529,104.5,219.8,221.2,4.85,4.92,4.78,50.02,3246,506.825,1081.416,1057.336
2025-07-18T01:51:38.580238,530,104.5,219.8,221.2,4.85,4.92,4.78,50.02,3246,506.825,1081.416,1057.336
2025-07-18T01:51:38.580630,531,104.5,219.8,221.2,4.85,4.92,4.78,50.02,3246,506.825,1081.416,1057.336
2025-07-18T01:51:38.665176,531,104.5,219.8,221.2,4.85,4.92,4.78,50.02,3246,506.825,1081.416,1057.336
2025-07-18T01:51:38.750042,532,104.5,219.8,221.2,4.85,4.92,4.78,50.02,3246,506.825,1081.416,1057.336
2025-07-18T01:51:38.750423,533,104.5,219.8,221.2,4.85,4.92,4.78,50.02,3246,506.825,1081.416,1057.336
2025-07-18T01:51:38.815008,533,104.5,219.8,221.2,4.85,4.92,4.78,50.02,3246,506.825,1081.416,1057.336
2025-07-18T01:51:38.899980,534,104.5,219.8,221.2,4.85,4.92,4.78,50.02,3246,506.825,1081.416,1057.336
2025-07-18T01:51:38.900385,535,104.5,219.8,221.2,4.85,4.92,4.78,50.02,3246,506.825,1081.416,1057.336
2025-07-18T01:51:38.975130,535,104.5,219.8,221.2,4.85,4.92,4.78,50.02,3246,506.825,1081.416,1057.336
2025-07-18T01:51:39.044974,536,104.5,219.8,221.2,4.85,4.92,4.78,50.02,3246,506.825,1081.416,1057.336
2025-07-18T01:51:39.045205,537,104.5,219.8,221.2,4.85,4.92,4.78,50.02,3246,506.825,1081.416,1057.336
2025-07-18T01:51:39.115225,537,104.5,219.8,221.2,4.85,4.92,4.78,50.02,3246,506.825,1081.416,1057.336
2025-07-18T01:51:39.195042,538,104.5,219.8,221.2,4.85,4.92,4.78,50.02,3246,506.825,1081.416,1057.336
2025-07-18T01:51:39.195237,539,104.5,219.8,221.2,4.85,4.92,4.78,50.02,3246,506.825,1081.416,1057.336
2025-07-18T01:51:39.345317,540,104.5,219.8,221.2,4.85,4.92,4.78,50.02,3246,506.825,1081.416,1057.336
2025-07-18T01:51:39.345767,541,104.5,219.8,221.2,4.85,4.92,4.78,50.02,3246,506.825,1081.416,1057.336
2025-07-18T01:51:39.407071,541,104.5,219.8,221.2,4.85,4.92,4.78,50.02,3246,506.825,1081.416,1057.336
2025-07-18T01:51:39.595196,542,104.5,219.8,221.2,4.85,4.92,4.78,50.02,3246,506.825,1081.416,1057.336
2025-07-18T01:51:39.595359,543,104.5,219.8,221.2,4.85,4.92,4.78,50.02,3246,506.825,1081.416,1057.336
2025-07-18T01:51:39.685096,543,104.5,219.8,221.2,4.85,4.92,4.78,50.02,3246,506.825,1081.416,1057.336
2025-07-18T01:51:39.769086,544,104.5,219.8,221.2,4.85,4.92,4.78,50.02,3246,506.825,1081.416,1057.336
2025-07-18T01:51:39.769514,545,104.5,219.8,221.2,4.85,4.92,4.78,50.02,3246,506.825,1081.416,1057.336
2025-07-18T01:51:40.037200,545,104.5,219.8,221.2,4.85,4.92,4.78,50.02,3246,506.825,1081.416,1057.336
2025-07-18T01:51:40.100362,546,104.5,219.8,221.2,4.85,4.92,4.78,50.02,3246,506.825,1081.416,1057.336
2025-07-18T01:51:40.100802,547,104.5,219.8,221.2,4.85,4.92,4.78,50.02,3246,506.825,1081.416,1057.336
2025-07-18T01:51:40.170063,547,104.5,219.8,221.2,4.85,4.92,4.78,50.02,3246,506.825,1081.416,1057.336
2025-07-18T01:51:40.246926,548,104.5,219.8,221.2,4.85,4.92,4.78,50.02,3246,506.825,1081.416,1057.336
2025-07-18T01:51:40.247065,549,104.5,219.8,221.2,4.85,4.92,4.78,50.02,3246,506.825,1081.416,1057.336
2025-07-18T01:51:40.406679,549,104.5,219.8,221.2,4.85,4.92,4.78,50.02,3246,506.825,1081.416,1057.336
2025-07-18T01:51:40.474814,550,104.5,219.8,221.2,4.85,4.92,4.78,50.02,3246,506.825,1081.416,1057.336
2025-07-18T01:51:40.554779,551,104.5,219.8,221.2,4.85,4.92,4.78,50.02,3246,506.825,1081.416,1057.336
2025-07-18T01:51:40.555164,552,104.5,219.8,221.2,4.85,4.92,4.78,50.02,3246,506.825,1081.416,1057.336
2025-07-18T01:51:40.694717,552,104.5,219.8,221.2,4.85,4.92,4.78,50.02,3246,506.825,1081.416,1057.336
2025-07-18T01:51:40.759864,553,104.5,219.8,221.2,4.85,4.92,4.78,50.02,3246,506.825,1081.416,1057.336
2025-07-18T01:51:40.846789,554,104.5,219.8,221.2,4.85,4.92,4.78,50.02,3246,506.825,1081.416,1057.336
2025-07-18T01:51:40.846925,555,104.5,219.8,221.2,4.85,4.92,4.78,50.02,3246,506.825,1081.416,1057.336
2025-07-18T01:51:41.039918,555,104.5,219.8,221.2,4.85,4.92,4.78,50.02,3246,506.825,1081.416,1057.336
2025-07-18T01:51:41.093850,556,104.5,219.8,221.2,4.85,4.92,4.78,50.02,3246,506.825,1081.416,1057.336
2025-07-18T01:51:41.093995,557,104.5,219.8,221.2,4.85,4.92,4.78,50.02,3246,506.825,1081.416,1057.336
2025-07-18T01:51:41.161869,557,104.5,219.8,221.2,4.85,4.92,4.78,50.02,3246,506.825,1081.416,1057.336
2025-07-18T01:51:41.271919,558,104.5,219.8,221.2,4.85,4.92,4.78,50.02,3246,506.825,1081.416,1057.336
2025-07-18T01:51:41.272124,559,104.5,219.8,221.2,4.85,4.92,4.78,50.02,3246,506.825,1081.416,1057.336
2025-07-18T01:51:41.346921,559,104.5,219.8,221.2,4.85,4.92,4.78,50.02,3246,506.825,1081.416,1057.336
2025-07-18T01:51:41.436926,559,104.5,219.8,221.2,4.85,4.92,4.78,50.02,3246,506.825,1081.416,1057.336
2025-07-18T01:51:41.531834,560,104.5,219.8,221.2,4.85,4.92,4.78,50.02,3246,506.825,1081.416,1057.336
2025-07-18T01:51:41.616991,561,104.5,219.8,221.2,4.85,4.92,4.78,50.02,3246,506.825,1081.416,1057.336
2025-07-18T01:51:41.617255,562,104.5,219.8,221.2,4.85,4.92,4.78,50.02,3246,506.825,1081.416,1057.336
2025-07-18T01:51:41.681941,562,104.5,219.8,221.2,4.85,4.92,4.78,50.02,3246,506.825,1081.416,1057.336
2025-07-18T01:51:41.799604,563,104.5,219.8,221.2,4.85,4.92,4.78,50.02,3246,506.825,1081.416,1057.336
2025-07-18T01:51:41.799768,564,104.5,219.8,221.2,4.85,4.92,4.78,50.02,3246,506.825,1081.416,1057.336
2025-07-18T01:51:41.874796,564,104.5,219.8,221.2,4.85,4.92,4.78,50.02,3246,506.825,1081.416,1057.336
2025-07-18T01:51:42.045275,565,104.5,219.8,221.2,4.85,4.92,4.78,50.02,3246,506.825,1081.416,1057.336
2025-07-18T01:51:42.045702,566,104.5,219.8,221.2,4.85,4.92,4.78,50.02,3246,506.825,1081.416,1057.336
2025-07-18T01:51:42.211947,567,104.5,219.8,221.2,4.85,4.92,4.78,50.02,3246,506.825,1081.416,1057.336
2025-07-18T01:51:42.212151,568,104.5,219.8,221.2,4.85,4.92,4.78,50.02,3246,506.825,1081.416,1057.336
2025-07-18T01:51:42.275089,568,104.5,219.8,221.2,4.85,4.92,4.78,50.02,3246,506.825,1081.416,1057.336
2025-07-18T01:51:42.350000,569,104.5,219.8,221.2,4.85,4.92,4.78,50.02,3246,506.825,1081.416,1057.336
2025-07-18T01:51:42.350194,570,104.5,219.8,221.2,4.85,4.92,4.78,50.02,3246,506.825,1081.416,1057.336
2025-07-18T01:51:42.545284,570,104.5,219.8,221.2,4.85,4.92,4.78,50.02,3246,506.825,1081.416,1057.336
2025-07-18T01:51:42.704934,572,104.5,219.8,221.2,4.85,4.92,4.78,50.02,3246,506.825,1081.416,1057.336
2025-07-18T01:51:42.705373,573,104.5,219.8,221.2,4.85,4.92,4.78,50.02,3246,506.825,1081.416,1057.336
2025-07-18T01:51:42.770152,573,104.5,219.8,221.2,4.85,4.92,4.78,50.02,3246,506.825,1081.416,1057.336
2025-07-18T01:51:42.864943,574,104.5,219.8,221.2,4.85,4.92,4.78,50.02,3246,506.825,1081.416,1057.336
2025-07-18T01:51:42.865082,575,104.5,219.8,221.2,4.85,4.92,4.78,50.02,3246,506.825,1081.416,1057.336
2025-07-18T01:51:42.930070,575,104.5,219.8,221.2,4.85,4.92,4.78,50.02,3246,506.825,1081.416,1057.336
2025-07-18T01:51:43.086882,575,104.5,219.8,221.2,4.85,4.92,4.78,50.02,3246,506.825,1081.416,1057.336
2025-07-18T01:51:43.172134,576,104.5,219.8,221.2,4.85,4.92,4.78,50.02,3246,506.825,1081.416,1057.336
2025-07-18T01:51:43.257193,577,104.5,219.8,221.2,4.85,4.92,4.78,50.02,3246,506.825,1081.416,1057.336
2025-07-18T01:51:43.257620,578,104.5,219.8,221.2,4.85,4.92,4.78,50.02,3246,506.825,1081.416,1057.336
2025-07-18T01:51:43.426877,579,104.5,219.8,221.2,4.85,4.92,4.78,50.02,3246,506.825,1081.416,1057.336
2025-07-18T01:51:43.427033,580,104.5,219.8,221.2,4.85,4.92,4.78,50.02,3246,506.825,1081.416,1057.336
2025-07-18T01:51:43.492157,580,104.5,219.8,221.2,4.85,4.92,4.78,50.02,3246,506.825,1081.416,1057.336
2025-07-18T01:51:43.601978,580,104.5,219.8,221.2,4.85,4.92,4.78,50.02,3246,506.825,1081.416,1057.336
2025-07-18T01:51:43.677031,581,104.5,219.8,221.2,4.85,4.92,4.78,50.02,3246,506.825,1081.416,1057.336
2025-07-18T01:51:43.755437,582,104.5,219.8,221.2,4.85,4.92,4.78,50.02,3246,506.825,1081.416,1057.336
2025-07-18T01:51:43.757003,583,104.5,219.8,221.2,4.85,4.92,4.78,50.02,3246,506.825,1081.416,1057.336
2025-07-18T01:51:43.839825,583,104.5,219.8,221.2,4.85,4.92,4.78,50.02,3246,506.825,1081.416,1057.336
2025-07-18T01:51:43.919916,584,104.5,219.8,221.2,4.85,4.92,4.78,50.02,3246,506.825,1081.416,1057.336
2025-07-18T01:51:43.920419,585,104.5,219.8,221.2,4.85,4.92,4.78,50.02,3246,506.825,1081.416,1057.336
2025-07-18T01:51:44.084885,585,104.5,219.8,221.2,4.85,4.92,4.78,50.02,3246,506.825,1081.416,1057.336
2025-07-18T01:51:44.414956,586,104.5,219.8,221.2,4.85,4.92,4.78,50.02,3246,506.825,1081.416,1057.336
2025-07-18T01:51:44.639897,587,104.5,219.8,221.2,4.85,4.92,4.78,50.02,3246,506.825,1081.416,1057.336
2025-07-18T01:51:44.920221,588,104.5,219.8,221.2,4.85,4.92,4.78,50.02,3246,506.825,1081.416,1057.336
2025-07-18T01:51:44.920807,589,104.5,219.8,221.2,4.85,4.92,4.78,50.02,3246,506.825,1081.416,1057.336
2025-07-18T01:51:45.015150,589,104.5,219.8,221.2,4.85,4.92,4.78,50.02,3246,506.825,1081.416,1057.336
2025-07-18T01:51:45.106999,590,104.5,219.8,221.2,4.85,4.92,4.78,50.02,3246,506.825,1081.416,1057.336
2025-07-18T01:51:45.107175,591,104.5,219.8,221.2,4.85,4.92,4.78,50.02,3246,506.825,1081.416,1057.336
2025-07-18T01:51:45.250264,591,104.5,219.8,221.2,4.85,4.92,4.78,50.02,3246,506.825,1081.416,1057.336
2025-07-18T01:51:45.319973,592,104.5,219.8,221.2,4.85,4.92,4.78,50.02,3246,506.825,1081.416,1057.336
2025-07-18T01:51:45.402003,592,104.5,219.8,221.2,4.85,4.92,4.78,50.02,3246,506.825,1081.416,1057.336
2025-07-18T01:51:45.474982,593,104.5,219.8,221.2,4.85,4.92,4.78,50.02,3246,506.825,1081.416,1057.336
2025-07-18T01:51:45.570486,594,104.5,219.8,221.2,4.85,4.92,4.78,50.02,3246,506.825,1081.416,1057.336
2025-07-18T01:51:45.571031,595,104.5,219.8,221.2,4.85,4.92,4.78,50.02,3246,506.825,1081.416,1057.336
2025-07-18T01:51:45.640005,595,104.5,219.8,221.2,4.85,4.92,4.78,50.02,3246,506.825,1081.416,1057.336
2025-07-18T01:51:45.730043,596,104.5,219.8,221.2,4.85,4.92,4.78,50.02,3246,506.825,1081.416,1057.336
2025-07-18T01:51:45.730453,597,104.5,219.8,221.2,4.85,4.92,4.78,50.02,3246,506.825,1081.416,1057.336
2025-07-18T01:51:45.794955,597,104.5,219.8,221.2,4.85,4.92,4.78,50.02,3246,506.825,1081.416,1057.336
2025-07-18T01:51:45.882023,598,104.5,219.8,221.2,4.85,4.92,4.78,50.02,3246,506.825,1081.416,1057.336
2025-07-18T01:51:45.882259,599,104.5,219.8,221.2,4.85,4.92,4.78,50.02,3246,506.825,1081.416,1057.336
2025-07-18T01:51:46.030021,599,104.5,219.8,221.2,4.85,4.92,4.78,50.02,3246,506.825,1081.416,1057.336
2025-07-18T01:51:46.094990,600,104.5,219.8,221.2,4.85,4.92,4.78,50.02,3246,506.825,1081.416,1057.336
2025-07-18T01:51:46.160067,600,104.5,219.8,221.2,4.85,4.92,4.78,50.02,3246,506.825,1081.416,1057.336
2025-07-18T01:51:46.233970,601,104.5,219.8,221.2,4.85,4.92,4.78,50.02,3246,506.825,1081.416,1057.336
2025-07-18T01:51:46.444910,602,104.5,219.8,221.2,4.85,4.92,4.78,50.02,3246,506.825,1081.416,1057.336
2025-07-18T01:51:46.445054,603,104.5,219.8,221.2,4.85,4.92,4.78,50.02,3246,506.825,1081.416,1057.336
2025-07-18T01:51:46.505049,603,104.5,219.8,221.2,4.85,4.92,4.78,50.02,3246,506.825,1081.416,1057.336
2025-07-18T01:51:46.604957,604,104.5,219.8,221.2,4.85,4.92,4.78,50.02,3246,506.825,1081.416,1057.336
2025-07-18T01:51:46.605381,605,104.5,219.8,221.2,4.85,4.92,4.78,50.02,3246,506.825,1081.416,1057.336
2025-07-18T01:51:46.749861,606,104.5,219.8,221.2,4.85,4.92,4.78,50.02,3246,506.825,1081.416,1057.336
2025-07-18T01:51:46.750239,607,104.5,219.8,221.2,4.85,4.92,4.78,50.02,3246,506.825,1081.416,1057.336
2025-07-18T01:51:46.911937,607,104.5,219.8,221.2,4.85,4.92,4.78,50.02,3246,506.825,1081.416,1057.336
2025-07-18T01:51:46.976897,608,104.5,219.8,221.2,4.85,4.92,4.78,50.02,3246,506.825,1081.416,1057.336
2025-07-18T01:51:47.062037,609,104.5,219.8,221.2,4.85,4.92,4.78,50.02,3246,506.825,1081.416,1057.336
2025-07-18T01:51:47.062501,610,104.5,219.8,221.2,4.85,4.92,4.78,50.02,3246,506.825,1081.416,1057.336
2025-07-18T01:51:47.211983,611,104.5,219.8,221.2,4.85,4.92,4.78,50.02,3246,506.825,1081.416,1057.336
2025-07-18T01:51:47.212377,612,104.5,219.8,221.2,4.85,4.92,4.78,50.02,3246,506.825,1081.416,1057.336
2025-07-18T01:51:47.376744,613,104.5,219.8,221.2,4.85,4.92,4.78,50.02,3246,506.825,1081.416,1057.336
2025-07-18T01:51:47.376948,614,104.5,219.8,221.2,4.85,4.92,4.78,50.02,3246,506.825,1081.416,1057.336
2025-07-18T01:51:47.436778,614,104.5,219.8,221.2,4.85,4.92,4.78,50.02,3246,506.825,1081.416,1057.336
2025-07-18T01:51:47.530105,615,104.5,219.8,221.2,4.85,4.92,4.78,50.02,3246,506.825,1081.416,1057.336
2025-07-18T01:51:47.530508,616,104.5,219.8,221.2,4.85,4.92,4.78,50.02,3246,506.825,1081.416,1057.336
2025-07-18T01:51:47.609941,616,104.5,219.8,221.2,4.85,4.92,4.78,50.02,3246,506.825,1081.416,1057.336
2025-07-18T01:51:47.680224,616,104.5,219.8,221.2,4.85,4.92,4.78,50.02,3246,506.825,1081.416,1057.336
2025-07-18T01:51:47.745463,617,104.5,219.8,221.2,4.85,4.92,4.78,50.02,3246,506.825,1081.416,1057.336
2025-07-18T01:51:47.815095,618,104.5,219.8,221.2,4.85,4.92,4.78,50.02,3246,506.825,1081.416,1057.336
2025-07-18T01:51:47.815487,619,104.5,219.8,221.2,4.85,4.92,4.78,50.02,3246,506.825,1081.416,1057.336
2025-07-18T01:51:47.880500,619,104.5,219.8,221.2,4.85,4.92,4.78,50.02,3246,506.825,1081.416,1057.336
2025-07-18T01:51:47.962056,619,104.5,219.8,221.2,4.85,4.92,4.78,50.02,3246,506.825,1081.416,1057.336
2025-07-18T01:51:48.030271,620,104.5,219.8,221.2,4.85,4.92,4.78,50.02,3246,506.825,1081.416,1057.336
2025-07-18T01:51:48.111919,621,104.5,219.8,221.2,4.85,4.92,4.78,50.02,3246,506.825,1081.416,1057.336
2025-07-18T01:51:48.112111,622,104.5,219.8,221.2,4.85,4.92,4.78,50.02,3246,506.825,1081.416,1057.336
2025-07-18T01:51:48.181902,622,104.5,219.8,221.2,4.85,4.92,4.78,50.02,3246,506.825,1081.416,1057.336
2025-07-18T01:51:48.255162,623,104.5,219.8,221.2,4.85,4.92,4.78,50.02,3246,506.825,1081.416,1057.336
2025-07-18T01:51:48.255306,624,104.5,219.8,221.2,4.85,4.92,4.78,50.02,3246,506.825,1081.416,1057.336
2025-07-18T01:51:48.320177,624,104.5,219.8,221.2,4.85,4.92,4.78,50.02,3246,506.825,1081.416,1057.336
2025-07-18T01:51:48.400120,624,104.5,219.8,221.2,4.85,4.92,4.78,50.02,3246,506.825,1081.416,1057.336
2025-07-18T01:51:48.469982,625,104.5,219.8,221.2,4.85,4.92,4.78,50.02,3246,506.825,1081.416,1057.336
2025-07-18T01:51:48.546840,626,104.5,219.8,221.2,4.85,4.92,4.78,50.02,3246,506.825,1081.416,1057.336
2025-07-18T01:51:48.546999,627,104.5,219.8,221.2,4.85,4.92,4.78,50.02,3246,506.825,1081.416,1057.336
2025-07-18T01:51:48.611832,627,104.5,219.8,221.2,4.85,4.92,4.78,50.02,3246,506.825,1081.416,1057.336
2025-07-18T01:51:48.720002,628,104.5,219.8,221.2,4.85,4.92,4.78,50.02,3246,506.825,1081.416,1057.336
2025-07-18T01:51:48.720416,629,104.5,219.8,221.2,4.85,4.92,4.78,50.02,3246,506.825,1081.416,1057.336
2025-07-18T01:51:48.881726,629,104.5,219.8,221.2,4.85,4.92,4.78,50.02,3246,506.825,1081.416,1057.336
2025-07-18T01:51:49.036976,631,104.5,219.8,221.2,4.85,4.92,4.78,50.02,3246,506.825,1081.416,1057.336
2025-07-18T01:51:49.037193,632,104.5,219.8,221.2,4.85,4.92,4.78,50.02,3246,506.825,1081.416,1057.336
2025-07-18T01:51:49.189959,632,104.5,219.8,221.2,4.85,4.92,4.78,50.02,3246,506.825,1081.416,1057.336
2025-07-18T01:51:49.254896,633,104.5,219.8,221.2,4.85,4.92,4.78,50.02,3246,506.825,1081.416,1057.336
2025-07-18T01:51:49.321944,634,104.5,219.8,221.2,4.85,4.92,4.78,50.02,3246,506.825,1081.416,1057.336
2025-07-18T01:51:49.322390,635,104.5,219.8,221.2,4.85,4.92,4.78,50.02,3246,506.825,1081.416,1057.336
2025-07-18T01:51:49.385052,635,104.5,219.8,221.2,4.85,4.92,4.78,50.02,3246,506.825,1081.416,1057.336
2025-07-18T01:51:49.461957,636,104.5,219.8,221.2,4.85,4.92,4.78,50.02,3246,506.825,1081.416,1057.336
2025-07-18T01:51:49.462326,637,104.5,219.8,221.2,4.85,4.92,4.78,50.02,3246,506.825,1081.416,1057.336
2025-07-18T01:51:49.535033,637,104.5,219.8,221.2,4.85,4.92,4.78,50.02,3246,506.825,1081.416,1057.336
2025-07-18T01:51:49.606951,638,104.5,219.8,221.2,4.85,4.92,4.78,50.02,3246,506.825,1081.416,1057.336
2025-07-18T01:51:49.607105,639,104.5,219.8,221.2,4.85,4.92,4.78,50.02,3246,506.825,1081.416,1057.336
2025-07-18T01:51:49.674914,639,104.5,219.8,221.2,4.85,4.92,4.78,50.02,3246,506.825,1081.416,1057.336
2025-07-18T01:51:49.749786,640,104.5,219.8,221.2,4.85,4.92,4.78,50.02,3246,506.825,1081.416,1057.336
2025-07-18T01:51:49.750176,641,104.5,219.8,221.2,4.85,4.92,4.78,50.02,3246,506.825,1081.416,1057.336
2025-07-18T01:51:49.805088,641,104.5,219.8,221.2,4.85,4.92,4.78,50.02,3246,506.825,1081.416,1057.336
2025-07-18T01:51:49.914893,641,104.5,219.8,221.2,4.85,4.92,4.78,50.02,3246,506.825,1081.416,1057.336
2025-07-18T01:51:49.984978,642,104.5,219.8,221.2,4.85,4.92,4.78,50.02,3246,506.825,1081.416,1057.336
2025-07-18T01:51:50.054932,643,104.5,219.8,221.2,4.85,4.92,4.78,50.02,3246,506.825,1081.416,1057.336
2025-07-18T01:51:50.055308,644,104.5,219.8,221.2,4.85,4.92,4.78,50.02,3246,506.825,1081.416,1057.336
2025-07-18T01:51:50.214786,645,104.5,219.8,221.2,4.85,4.92,4.78,50.02,3246,506.825,1081.416,1057.336
2025-07-18T01:51:50.214972,646,104.5,219.8,221.2,4.85,4.92,4.78,50.02,3246,506.825,1081.416,1057.336
2025-07-18T01:51:50.269885,646,104.5,219.8,221.2,4.85,4.92,4.78,50.02,3246,506.825,1081.416,1057.336
2025-07-18T01:51:50.364039,647,104.5,219.8,221.2,4.85,4.92,4.78,50.02,3246,506.825,1081.416,1057.336
2025-07-18T01:51:50.364227,648,104.5,219.8,221.2,4.85,4.92,4.78,50.02,3246,506.825,1081.416,1057.336
2025-07-18T01:51:50.431906,648,104.5,219.8,221.2,4.85,4.92,4.78,50.02,3246,506.825,1081.416,1057.336
2025-07-18T01:51:50.506894,649,104.5,219.8,221.2,4.85,4.92,4.78,50.02,3246,506.825,1081.416,1057.336
2025-07-18T01:51:50.507274,650,104.5,219.8,221.2,4.85,4.92,4.78,50.02,3246,506.825,1081.416,1057.336
2025-07-18T01:51:50.672051,651,104.5,219.8,221.2,4.85,4.92,4.78,50.02,3246,506.825,1081.416,1057.336
2025-07-18T01:51:50.672431,652,104.5,219.8,221.2,4.85,4.92,4.78,50.02,3246,506.825,1081.416,1057.336
2025-07-18T01:51:50.741872,652,104.5,219.8,221.2,4.85,4.92,4.78,50.02,3246,506.825,1081.416,1057.336
2025-07-18T01:51:50.816922,653,104.5,219.8,221.2,4.85,4.92,4.78,50.02,3246,506.825,1081.416,1057.336
2025-07-18T01:51:50.817077,654,104.5,219.8,221.2,4.85,4.92,4.78,50.02,3246,506.825,1081.416,1057.336
2025-07-18T01:51:50.881917,654,104.5,219.8,221.2,4.85,4.92,4.78,50.02,3246,506.825,1081.416,1057.336
2025-07-18T01:51:50.966967,655,104.5,219.8,221.2,4.85,4.92,4.78,50.02,3246,506.825,1081.416,1057.336
2025-07-18T01:51:50.967120,656,104.5,219.8,221.2,4.85,4.92,4.78,50.02,3246,506.825,1081.416,1057.336
2025-07-18T01:51:51.060116,656,104.5,219.8,221.2,4.85,4.92,4.78,50.02,3246,506.825,1081.416,1057.336
2025-07-18T01:51:51.115058,657,104.5,219.8,221.2,4.85,4.92,4.78,50.02,3246,506.825,1081.416,1057.336
2025-07-18T01:51:51.115263,658,104.5,219.8,221.2,4.85,4.92,4.78,50.02,3246,506.825,1081.416,1057.336
2025-07-18T01:51:51.185105,658,104.5,219.8,221.2,4.85,4.92,4.78,50.02,3246,506.825,1081.416,1057.336
2025-07-18T01:51:51.275190,659,104.5,219.8,221.2,4.85,4.92,4.78,50.02,3246,506.825,1081.416,1057.336
2025-07-18T01:51:51.275395,660,104.5,219.8,221.2,4.85,4.92,4.78,50.02,3246,506.825,1081.416,1057.336
2025-07-18T01:51:51.336027,660,104.5,219.8,221.2,4.85,4.92,4.78,50.02,3246,506.825,1081.416,1057.336
